diskType, runtime, opType, pool, volume, blockSize, ioDepth, recoveryLimit,expectCost,actualCost
hdd,180,read,disk2_pool,foo1,4k,1,1,1,1.077264
hdd,180,read,disk2_pool,foo1,4k,1,158,1,1.336893
hdd,180,read,disk2_pool,foo1,4k,1,316,1,1.550142
hdd,180,read,disk2_pool,foo1,4k,1,500,1,1.833635
hdd,180,read,disk2_pool,foo1,4k,1,600,1,1.730653
hdd,180,read,disk2_pool,foo1,4k,8,1,1,1.237691
hdd,180,read,disk2_pool,foo1,4k,8,158,1,1.387888
hdd,180,read,disk2_pool,foo1,4k,8,316,1,2.069638
hdd,180,read,disk2_pool,foo1,4k,8,500,1,1.554406
hdd,180,read,disk2_pool,foo1,4k,8,600,1,2.037211
hdd,180,read,disk2_pool,foo1,4k,16,1,1,2.555162
hdd,180,read,disk2_pool,foo1,4k,16,158,1,2.777848
hdd,180,read,disk2_pool,foo1,4k,16,316,1,2.706314
hdd,180,read,disk2_pool,foo1,4k,16,500,1,3.544784
hdd,180,read,disk2_pool,foo1,4k,16,600,1,4.345115
hdd,180,read,disk2_pool,foo1,4k,32,1,1,5.216096
hdd,180,read,disk2_pool,foo1,4k,32,158,1,5.093945
hdd,180,read,disk2_pool,foo1,4k,32,316,1,6.596028
hdd,180,read,disk2_pool,foo1,4k,32,500,1,7.51288
hdd,180,read,disk2_pool,foo1,4k,32,600,1,8.002391
hdd,180,read,disk2_pool,foo1,4k,64,1,1,9.309281
hdd,180,read,disk2_pool,foo1,4k,64,158,1,13.108025
hdd,180,read,disk2_pool,foo1,4k,64,600,1,18.309163
hdd,180,read,disk2_pool,foo1,4k,128,1,1,20.616224
hdd,180,read,disk2_pool,foo1,4k,128,158,1,20.248764
hdd,180,read,disk2_pool,foo1,4k,128,316,1,23.643455
hdd,180,read,disk2_pool,foo1,4k,128,500,1,27.255506
hdd,180,read,disk2_pool,foo1,4k,128,600,1,33.354144
hdd,180,read,disk2_pool,foo1,4k,256,1,1,32.11715
hdd,180,read,disk2_pool,foo1,4k,256,158,1,40.099441
hdd,180,read,disk2_pool,foo1,4k,256,316,1,44.770097
hdd,180,read,disk2_pool,foo1,4k,256,500,1,54.012865
hdd,180,read,disk2_pool,foo1,4k,256,600,1,49.955525
hdd,180,read,disk2_pool,foo1,32k,1,1,1,1.757189
hdd,180,read,disk2_pool,foo1,32k,1,158,1,2.006794
hdd,180,read,disk2_pool,foo1,32k,1,316,1,3.848643
hdd,180,read,disk2_pool,foo1,32k,1,500,1,2.181895
hdd,180,read,disk2_pool,foo1,32k,1,600,1,3.491726
hdd,180,read,disk2_pool,foo1,32k,8,1,1,3.050457
hdd,180,read,disk2_pool,foo1,32k,8,158,1,3.927448
hdd,180,read,disk2_pool,foo1,32k,8,316,1,2.548077
hdd,180,read,disk2_pool,foo1,32k,8,500,1,5.178102
hdd,180,read,disk2_pool,foo1,32k,8,600,1,7.095754
hdd,180,read,disk2_pool,foo1,32k,16,1,1,6.165722
hdd,180,read,disk2_pool,foo1,32k,16,158,1,4.536025
hdd,180,read,disk2_pool,foo1,32k,16,316,1,10.903083
hdd,180,read,disk2_pool,foo1,32k,16,500,1,21.818098
hdd,180,read,disk2_pool,foo1,32k,16,600,1,22.043706
hdd,180,read,disk2_pool,foo1,32k,32,1,1,8.29501
hdd,180,read,disk2_pool,foo1,32k,32,158,1,14.349191
hdd,180,read,disk2_pool,foo1,32k,32,316,1,17.308778
hdd,180,read,disk2_pool,foo1,32k,32,500,1,56.667629
hdd,180,read,disk2_pool,foo1,32k,32,600,1,61.841521
hdd,180,read,disk2_pool,foo1,32k,64,1,1,26.546876
hdd,180,read,disk2_pool,foo1,32k,64,158,1,30.98088
hdd,180,read,disk2_pool,foo1,32k,64,316,1,37.778736
hdd,180,read,disk2_pool,foo1,32k,64,500,1,32.225228
hdd,180,read,disk2_pool,foo1,32k,128,1,1,52.436847
hdd,180,read,disk2_pool,foo1,32k,128,158,1,61.298368
hdd,180,read,disk2_pool,foo1,32k,128,316,1,93.957965
hdd,180,read,disk2_pool,foo1,32k,128,500,1,73.626423
hdd,180,read,disk2_pool,foo1,32k,128,600,1,153.592716
hdd,180,read,disk2_pool,foo1,32k,256,1,1,101.038722
hdd,180,read,disk2_pool,foo1,32k,256,158,1,116.856312
hdd,180,read,disk2_pool,foo1,32k,256,316,1,122.370631
hdd,180,read,disk2_pool,foo1,32k,256,500,1,381.521347
hdd,180,read,disk2_pool,foo1,32k,256,600,1,256.467743
hdd,180,read,disk2_pool,foo1,64k,1,1,1,2.114679
hdd,180,read,disk2_pool,foo1,64k,1,158,1,1.4919
hdd,180,read,disk2_pool,foo1,64k,1,316,1,3.734245
hdd,180,read,disk2_pool,foo1,64k,1,500,1,3.785275
hdd,180,read,disk2_pool,foo1,64k,1,600,1,11.301492
hdd,180,read,disk2_pool,foo1,64k,8,1,1,3.681856
hdd,180,read,disk2_pool,foo1,64k,8,158,1,7.492639
hdd,180,read,disk2_pool,foo1,64k,8,316,1,10.834956
hdd,180,read,disk2_pool,foo1,64k,8,500,1,10.994012
hdd,180,read,disk2_pool,foo1,64k,8,600,1,9.146415
hdd,180,read,disk2_pool,foo1,64k,16,1,1,12.686908
hdd,180,read,disk2_pool,foo1,64k,16,158,1,15.78149
hdd,180,read,disk2_pool,foo1,64k,16,316,1,25.538719
hdd,180,read,disk2_pool,foo1,64k,16,500,1,21.421461
hdd,180,read,disk2_pool,foo1,64k,16,600,1,71.382922
hdd,180,read,disk2_pool,foo1,64k,32,1,1,27.114978
hdd,180,read,disk2_pool,foo1,64k,32,158,1,30.604413
hdd,180,read,disk2_pool,foo1,64k,32,316,1,27.027064
hdd,180,read,disk2_pool,foo1,64k,32,500,1,52.624732
hdd,180,read,disk2_pool,foo1,64k,32,600,1,60.128356
hdd,180,read,disk2_pool,foo1,64k,64,1,1,55.404388
hdd,180,read,disk2_pool,foo1,64k,64,158,1,53.802534
hdd,180,read,disk2_pool,foo1,64k,64,316,1,90.936372
hdd,180,read,disk2_pool,foo1,64k,64,500,1,237.716726
hdd,180,read,disk2_pool,foo1,64k,64,600,1,135.883083
hdd,180,read,disk2_pool,foo1,64k,128,1,1,88.787415
hdd,180,read,disk2_pool,foo1,64k,128,158,1,133.366797
hdd,180,read,disk2_pool,foo1,64k,128,316,1,187.943949
hdd,180,read,disk2_pool,foo1,64k,128,500,1,341.233237
hdd,180,read,disk2_pool,foo1,64k,128,600,1,695.598694
hdd,180,read,disk2_pool,foo1,64k,256,1,1,232.344839
hdd,180,read,disk2_pool,foo1,64k,256,158,1,301.441451
hdd,180,read,disk2_pool,foo1,64k,256,316,1,453.520172
hdd,180,read,disk2_pool,foo1,64k,256,500,1,462.055326
hdd,180,read,disk2_pool,foo1,64k,256,600,1,873.626358
hdd,180,read,disk2_pool,foo1,256k,1,1,1,2.928912
hdd,180,read,disk2_pool,foo1,256k,1,158,1,3.300724
hdd,180,read,disk2_pool,foo1,256k,1,316,1,3.438891
hdd,180,read,disk2_pool,foo1,256k,1,500,1,5.22829
hdd,180,read,disk2_pool,foo1,256k,1,600,1,17.645798
hdd,180,read,disk2_pool,foo1,256k,8,1,1,25.888146
hdd,180,read,disk2_pool,foo1,256k,8,158,1,21.216969
hdd,180,read,disk2_pool,foo1,256k,8,316,1,38.380175
hdd,180,read,disk2_pool,foo1,256k,8,500,1,78.398458
hdd,180,read,disk2_pool,foo1,256k,8,600,1,97.058008
hdd,180,read,disk2_pool,foo1,256k,16,1,1,37.517078
hdd,180,read,disk2_pool,foo1,256k,16,158,1,63.719457
hdd,180,read,disk2_pool,foo1,256k,16,316,1,80.929685
hdd,180,read,disk2_pool,foo1,256k,16,500,1,198.132948
hdd,180,read,disk2_pool,foo1,256k,16,600,1,200.480606
hdd,180,read,disk2_pool,foo1,256k,32,1,1,96.56619
hdd,180,read,disk2_pool,foo1,256k,32,158,1,137.604884
hdd,180,read,disk2_pool,foo1,256k,32,500,1,431.04676
hdd,180,read,disk2_pool,foo1,256k,32,600,1,631.111233
hdd,180,read,disk2_pool,foo1,256k,64,1,1,183.179622
hdd,180,read,disk2_pool,foo1,256k,64,158,1,249.187541
hdd,180,read,disk2_pool,foo1,256k,64,316,1,395.226485
hdd,180,read,disk2_pool,foo1,256k,64,500,1,489.947375
hdd,180,read,disk2_pool,foo1,256k,64,600,1,686.935124
hdd,180,read,disk2_pool,foo1,256k,128,1,1,361.261349
hdd,180,read,disk2_pool,foo1,256k,128,158,1,481.686991
hdd,180,read,disk2_pool,foo1,256k,128,316,1,595.598825
hdd,180,read,disk2_pool,foo1,256k,128,500,1,935.807586
hdd,180,read,disk2_pool,foo1,256k,128,600,1,974.2771
hdd,180,read,disk2_pool,foo1,256k,256,1,1,722.148988
hdd,180,read,disk2_pool,foo1,256k,256,158,1,710.075968
hdd,180,read,disk2_pool,foo1,256k,256,316,1,1054.166222
hdd,180,read,disk2_pool,foo1,256k,256,500,1,1347.888398
hdd,180,read,disk2_pool,foo1,256k,256,600,1,1657.626807
hdd,180,read,disk2_pool,foo1,1M,1,1,1,6.629931
hdd,180,read,disk2_pool,foo1,1M,1,158,1,11.964146
hdd,180,read,disk2_pool,foo1,1M,1,316,1,17.143853
hdd,180,read,disk2_pool,foo1,1M,1,500,1,25.316911
hdd,180,read,disk2_pool,foo1,1M,1,600,1,12.069379
hdd,180,read,disk2_pool,foo1,1M,8,1,1,73.738662
hdd,180,read,disk2_pool,foo1,1M,8,158,1,104.780292
hdd,180,read,disk2_pool,foo1,1M,8,316,1,134.506367
hdd,180,read,disk2_pool,foo1,1M,8,500,1,236.885974
hdd,180,read,disk2_pool,foo1,1M,8,600,1,372.777207
hdd,180,read,disk2_pool,foo1,1M,16,1,1,132.63163
hdd,180,read,disk2_pool,foo1,1M,16,158,1,170.696292
hdd,180,read,disk2_pool,foo1,1M,16,316,1,192.071362
hdd,180,read,disk2_pool,foo1,1M,16,500,1,369.465024
hdd,180,read,disk2_pool,foo1,1M,16,600,1,523.946805
hdd,180,read,disk2_pool,foo1,1M,32,1,1,253.758822
hdd,180,read,disk2_pool,foo1,1M,32,158,1,261.02531
hdd,180,read,disk2_pool,foo1,1M,32,316,1,412.138909
hdd,180,read,disk2_pool,foo1,1M,32,500,1,607.241067
hdd,180,read,disk2_pool,foo1,1M,32,600,1,772.437533
hdd,180,read,disk2_pool,foo1,1M,64,1,1,396.794712
hdd,180,read,disk2_pool,foo1,1M,64,158,1,620.220588
hdd,180,read,disk2_pool,foo1,1M,64,316,1,792.677523
hdd,180,read,disk2_pool,foo1,1M,64,500,1,1277.791497
hdd,180,read,disk2_pool,foo1,1M,64,600,1,1132.699513
hdd,180,read,disk2_pool,foo1,1M,128,1,1,753.307994
hdd,180,read,disk2_pool,foo1,1M,128,158,1,992.635726
hdd,180,read,disk2_pool,foo1,1M,128,316,1,1164.804982
hdd,180,read,disk2_pool,foo1,1M,128,500,1,1999.726243
hdd,180,read,disk2_pool,foo1,1M,128,600,1,1947.396469
hdd,180,read,disk2_pool,foo1,1M,256,1,1,781.080519
hdd,180,read,disk2_pool,foo1,1M,256,158,1,892.950852
hdd,180,read,disk2_pool,foo1,1M,256,316,1,1157.284279
hdd,180,read,disk2_pool,foo1,1M,256,500,1,1491.101993
hdd,180,read,disk2_pool,foo1,1M,256,600,1,2087.542652
hdd,180,read,disk2_pool,foo1,2M,1,1,1,23.716232
hdd,180,read,disk2_pool,foo1,2M,1,158,1,19.987421
hdd,180,read,disk2_pool,foo1,2M,1,316,1,28.986503
hdd,180,read,disk2_pool,foo1,2M,1,500,1,65.107715
hdd,180,read,disk2_pool,foo1,2M,1,600,1,36.626661
hdd,180,read,disk2_pool,foo1,2M,8,1,1,80.3278
hdd,180,read,disk2_pool,foo1,2M,8,158,1,148.315701
hdd,180,read,disk2_pool,foo1,2M,8,316,1,198.436315
hdd,180,read,disk2_pool,foo1,2M,8,500,1,415.442947
hdd,180,read,disk2_pool,foo1,2M,8,600,1,438.440642
hdd,180,read,disk2_pool,foo1,2M,16,1,1,213.645248
hdd,180,read,disk2_pool,foo1,2M,16,158,1,274.639696
hdd,180,read,disk2_pool,foo1,2M,16,316,1,361.689251
hdd,180,read,disk2_pool,foo1,2M,16,500,1,470.055746
hdd,180,read,disk2_pool,foo1,2M,16,600,1,684.005928
hdd,180,read,disk2_pool,foo1,2M,32,1,1,434.814669
hdd,180,read,disk2_pool,foo1,2M,32,158,1,567.228507
hdd,180,read,disk2_pool,foo1,2M,32,316,1,583.512984
hdd,180,read,disk2_pool,foo1,2M,32,500,1,1059.260059
hdd,180,read,disk2_pool,foo1,2M,32,600,1,1100.873642
hdd,180,read,disk2_pool,foo1,2M,64,1,1,686.079963
hdd,180,read,disk2_pool,foo1,2M,64,158,1,642.331335
hdd,180,read,disk2_pool,foo1,2M,64,316,1,1092.536738
hdd,180,read,disk2_pool,foo1,2M,64,500,1,1533.312574
hdd,180,read,disk2_pool,foo1,2M,64,600,1,1652.663462
hdd,180,read,disk2_pool,foo1,2M,128,1,1,505.381897
hdd,180,read,disk2_pool,foo1,2M,128,158,1,877.910896
hdd,180,read,disk2_pool,foo1,2M,128,316,1,1128.218561
hdd,180,read,disk2_pool,foo1,2M,128,500,1,1452.477416
hdd,180,read,disk2_pool,foo1,2M,128,600,1,1334.885101
hdd,180,read,disk2_pool,foo1,2M,256,1,1,688.624991
hdd,180,read,disk2_pool,foo1,2M,256,158,1,894.262141
hdd,180,read,disk2_pool,foo1,2M,256,316,1,1292.397694
hdd,180,read,disk2_pool,foo1,2M,256,500,1,1271.580264
hdd,180,read,disk2_pool,foo1,2M,256,600,1,1867.701143
hdd,180,read,disk2_pool,foo1,4M,1,1,1,52.065675
hdd,180,read,disk2_pool,foo1,4M,1,158,1,56.621821
hdd,180,read,disk2_pool,foo1,4M,1,316,1,57.111335
hdd,180,read,disk2_pool,foo1,4M,1,500,1,120.071869
hdd,180,read,disk2_pool,foo1,4M,1,600,1,88.175785
hdd,180,read,disk2_pool,foo1,4M,8,1,1,194.435052
hdd,180,read,disk2_pool,foo1,4M,8,158,1,184.437174
hdd,180,read,disk2_pool,foo1,4M,8,316,1,365.930964
hdd,180,read,disk2_pool,foo1,4M,8,500,1,536.886482
hdd,180,read,disk2_pool,foo1,4M,8,600,1,724.3605
hdd,180,read,disk2_pool,foo1,4M,16,1,1,273.026386
hdd,180,read,disk2_pool,foo1,4M,16,158,1,482.672173
hdd,180,read,disk2_pool,foo1,4M,16,316,1,670.884822
hdd,180,read,disk2_pool,foo1,4M,16,500,1,925.160051
hdd,180,read,disk2_pool,foo1,4M,16,600,1,756.616453
hdd,180,read,disk2_pool,foo1,4M,32,1,1,620.177281
hdd,180,read,disk2_pool,foo1,4M,32,158,1,750.771333
hdd,180,read,disk2_pool,foo1,4M,32,316,1,1041.477068
hdd,180,read,disk2_pool,foo1,4M,32,500,1,1009.514834
hdd,180,read,disk2_pool,foo1,4M,32,600,1,1543.569106
hdd,180,read,disk2_pool,foo1,4M,64,1,1,602.032181
hdd,180,read,disk2_pool,foo1,4M,64,158,1,761.177539
hdd,180,read,disk2_pool,foo1,4M,64,316,1,752.768248
hdd,180,read,disk2_pool,foo1,4M,64,500,1,1395.550698
hdd,180,read,disk2_pool,foo1,4M,64,600,1,1492.949677
hdd,180,read,disk2_pool,foo1,4M,128,1,1,617.013934
hdd,180,read,disk2_pool,foo1,4M,128,158,1,587.625614
hdd,180,read,disk2_pool,foo1,4M,128,316,1,947.845027
hdd,180,read,disk2_pool,foo1,4M,128,500,1,1320.89206
hdd,180,read,disk2_pool,foo1,4M,128,600,1,1434.651318
hdd,180,read,disk2_pool,foo1,4M,256,1,1,432.723786
hdd,180,read,disk2_pool,foo1,4M,256,158,1,762.868952
hdd,180,read,disk2_pool,foo1,4M,256,316,1,1043.005985
hdd,180,read,disk2_pool,foo1,4M,256,500,1,1344.770025
hdd,180,read,disk2_pool,foo1,4M,256,600,1,1208.53034
hdd,180,write,disk1_pool,foo1,4k,1,1,1,15.487676
hdd,180,write,disk1_pool,foo1,4k,1,158,1,17.900886
hdd,180,write,disk1_pool,foo1,4k,1,316,1,22.496045
hdd,180,write,disk1_pool,foo1,4k,1,500,1,28.881781
hdd,180,write,disk1_pool,foo1,4k,1,600,1,138.634165
hdd,180,write,disk1_pool,foo1,4k,8,1,1,30.874528
hdd,180,write,disk1_pool,foo1,4k,8,158,1,37.080906
hdd,180,write,disk1_pool,foo1,4k,8,316,1,45.831277
hdd,180,write,disk1_pool,foo1,4k,8,500,1,56.364632
hdd,180,write,disk1_pool,foo1,4k,8,600,1,235.913751
hdd,180,write,disk1_pool,foo1,4k,16,1,1,37.783377
hdd,180,write,disk1_pool,foo1,4k,16,158,1,45.379476
hdd,180,write,disk1_pool,foo1,4k,16,316,1,54.811444
hdd,180,write,disk1_pool,foo1,4k,16,500,1,73.509598
hdd,180,write,disk1_pool,foo1,4k,16,600,1,76.413312
hdd,180,write,disk1_pool,foo1,4k,32,1,1,47.901637
hdd,180,write,disk1_pool,foo1,4k,32,158,1,53.636772
hdd,180,write,disk1_pool,foo1,4k,32,316,1,65.795705
hdd,180,write,disk1_pool,foo1,4k,32,500,1,83.042097
hdd,180,write,disk1_pool,foo1,4k,32,600,1,99.427896
hdd,180,write,disk1_pool,foo1,4k,64,1,1,56.688825
hdd,180,write,disk1_pool,foo1,4k,64,158,1,65.98169
hdd,180,write,disk1_pool,foo1,4k,64,316,1,78.879584
hdd,180,write,disk1_pool,foo1,4k,64,500,1,101.770161
hdd,180,write,disk1_pool,foo1,4k,64,600,1,125.064161
hdd,180,write,disk1_pool,foo1,4k,128,1,1,76.850167
hdd,180,write,disk1_pool,foo1,4k,128,158,1,86.638698
hdd,180,write,disk1_pool,foo1,4k,128,316,1,103.990132
hdd,180,write,disk1_pool,foo1,4k,128,500,1,135.553183
hdd,180,write,disk1_pool,foo1,4k,128,600,1,236.694848
hdd,180,write,disk1_pool,foo1,4k,256,1,1,152.596129
hdd,180,write,disk1_pool,foo1,4k,256,158,1,186.741207
hdd,180,write,disk1_pool,foo1,4k,256,316,1,295.366098
hdd,180,write,disk1_pool,foo1,4k,256,500,1,480.185099
hdd,180,write,disk1_pool,foo1,4k,256,600,1,1406.29572
hdd,180,write,disk1_pool,foo1,32k,1,1,1,16.264784
hdd,180,write,disk1_pool,foo1,32k,1,158,1,19.331581
hdd,180,write,disk1_pool,foo1,32k,1,316,1,23.422512
hdd,180,write,disk1_pool,foo1,32k,1,500,1,30.113739
hdd,180,write,disk1_pool,foo1,32k,1,600,1,32.401285
hdd,180,write,disk1_pool,foo1,32k,8,1,1,36.238281
hdd,180,write,disk1_pool,foo1,32k,8,158,1,42.222245
hdd,180,write,disk1_pool,foo1,32k,8,316,1,49.598354
hdd,180,write,disk1_pool,foo1,32k,8,500,1,60.235852
hdd,180,write,disk1_pool,foo1,32k,8,600,1,80.212132
hdd,180,write,disk1_pool,foo1,32k,16,1,1,49.567631
hdd,180,write,disk1_pool,foo1,32k,16,158,1,51.989598
hdd,180,write,disk1_pool,foo1,32k,16,316,1,64.975664
hdd,180,write,disk1_pool,foo1,32k,16,500,1,80.248718
hdd,180,write,disk1_pool,foo1,32k,16,600,1,93.872263
hdd,180,write,disk1_pool,foo1,32k,32,1,1,84.251026
hdd,180,write,disk1_pool,foo1,32k,32,158,1,115.73326
hdd,180,write,disk1_pool,foo1,32k,32,316,1,113.983251
hdd,180,write,disk1_pool,foo1,32k,32,500,1,143.823837
hdd,180,write,disk1_pool,foo1,32k,32,600,1,404.612575
hdd,180,write,disk1_pool,foo1,32k,64,1,1,140.836699
hdd,180,write,disk1_pool,foo1,32k,64,158,1,160.001739
hdd,180,write,disk1_pool,foo1,32k,64,316,1,189.482739
hdd,180,write,disk1_pool,foo1,32k,64,500,1,558.538122
hdd,180,write,disk1_pool,foo1,32k,64,600,1,1695.495251
hdd,180,write,disk1_pool,foo1,32k,128,1,1,258.290582
hdd,180,write,disk1_pool,foo1,32k,128,158,1,355.426186
hdd,180,write,disk1_pool,foo1,32k,128,316,1,372.168686
hdd,180,write,disk1_pool,foo1,32k,128,500,1,1531.812994
hdd,180,write,disk1_pool,foo1,32k,128,600,1,1068.847866
hdd,180,write,disk1_pool,foo1,32k,256,1,1,517.201875
hdd,180,write,disk1_pool,foo1,32k,256,158,1,597.30536
hdd,180,write,disk1_pool,foo1,32k,256,316,1,1177.428132
hdd,180,write,disk1_pool,foo1,32k,256,500,1,1512.384878
hdd,180,write,disk1_pool,foo1,32k,256,600,1,2599.47928
hdd,180,write,disk1_pool,foo1,64k,1,1,1,36.622567
hdd,180,write,disk1_pool,foo1,64k,1,158,1,42.504746
hdd,180,write,disk1_pool,foo1,64k,1,316,1,48.649899
hdd,180,write,disk1_pool,foo1,64k,1,500,1,60.980782
hdd,180,write,disk1_pool,foo1,64k,1,600,1,67.971024
hdd,180,write,disk1_pool,foo1,64k,8,1,1,61.889296
hdd,180,write,disk1_pool,foo1,64k,8,158,1,89.79665
hdd,180,write,disk1_pool,foo1,64k,8,316,1,131.992664
hdd,180,write,disk1_pool,foo1,64k,8,500,1,112.310559
hdd,180,write,disk1_pool,foo1,64k,8,600,1,473.074499
hdd,180,write,disk1_pool,foo1,64k,16,1,1,81.612235
hdd,180,write,disk1_pool,foo1,64k,16,158,1,112.642492
hdd,180,write,disk1_pool,foo1,64k,16,316,1,213.033316
hdd,180,write,disk1_pool,foo1,64k,16,500,1,477.012324
hdd,180,write,disk1_pool,foo1,64k,16,600,1,163.211074
hdd,180,write,disk1_pool,foo1,64k,32,1,1,116.166299
hdd,180,write,disk1_pool,foo1,64k,32,158,1,155.606185
hdd,180,write,disk1_pool,foo1,64k,32,316,1,149.788899
hdd,180,write,disk1_pool,foo1,64k,32,500,1,482.044993
hdd,180,write,disk1_pool,foo1,64k,32,600,1,569.452023
hdd,180,write,disk1_pool,foo1,64k,64,1,1,205.144471
hdd,180,write,disk1_pool,foo1,64k,64,158,1,278.473476
hdd,180,write,disk1_pool,foo1,64k,64,316,1,402.923599
hdd,180,write,disk1_pool,foo1,64k,64,500,1,1072.844942
hdd,180,write,disk1_pool,foo1,64k,64,600,1,1458.513411
hdd,180,write,disk1_pool,foo1,64k,128,1,1,377.267213
hdd,180,write,disk1_pool,foo1,64k,128,158,1,576.877222
hdd,180,write,disk1_pool,foo1,64k,128,316,1,903.139642
hdd,180,write,disk1_pool,foo1,64k,128,500,1,1468.656715
hdd,180,write,disk1_pool,foo1,64k,128,600,1,2422.850834
hdd,180,write,disk1_pool,foo1,64k,256,1,1,672.171961
hdd,180,write,disk1_pool,foo1,64k,256,158,1,853.837978
hdd,180,write,disk1_pool,foo1,64k,256,316,1,1350.779147
hdd,180,write,disk1_pool,foo1,64k,256,500,1,2569.679161
hdd,180,write,disk1_pool,foo1,64k,256,600,1,2742.577143
hdd,180,write,disk1_pool,foo1,256k,1,1,1,39.597683
hdd,180,write,disk1_pool,foo1,256k,1,158,1,45.186077
hdd,180,write,disk1_pool,foo1,256k,1,316,1,53.08871
hdd,180,write,disk1_pool,foo1,256k,1,500,1,63.131704
hdd,180,write,disk1_pool,foo1,256k,1,600,1,73.461279
hdd,180,write,disk1_pool,foo1,256k,8,1,1,87.202201
hdd,180,write,disk1_pool,foo1,256k,8,158,1,120.622015
hdd,180,write,disk1_pool,foo1,256k,8,316,1,123.760391
hdd,180,write,disk1_pool,foo1,256k,8,500,1,417.627471
hdd,180,write,disk1_pool,foo1,256k,8,600,1,166.110497
hdd,180,write,disk1_pool,foo1,256k,16,1,1,131.150255
hdd,180,write,disk1_pool,foo1,256k,16,158,1,145.297674
hdd,180,write,disk1_pool,foo1,256k,16,316,1,262.28627
hdd,180,write,disk1_pool,foo1,256k,16,500,1,478.508879
hdd,180,write,disk1_pool,foo1,256k,16,600,1,1136.807766
hdd,180,write,disk1_pool,foo1,256k,32,1,1,211.481955
hdd,180,write,disk1_pool,foo1,256k,32,158,1,276.42412
hdd,180,write,disk1_pool,foo1,256k,32,316,1,419.021061
hdd,180,write,disk1_pool,foo1,256k,32,500,1,1037.972982
hdd,180,write,disk1_pool,foo1,256k,32,600,1,1771.529345
hdd,180,write,disk1_pool,foo1,256k,64,1,1,390.7863
hdd,180,write,disk1_pool,foo1,256k,64,158,1,546.186505
hdd,180,write,disk1_pool,foo1,256k,64,316,1,886.053415
hdd,180,write,disk1_pool,foo1,256k,64,500,1,1731.840691
hdd,180,write,disk1_pool,foo1,256k,64,600,1,2218.017331
hdd,180,write,disk1_pool,foo1,256k,128,1,1,706.999064
hdd,180,write,disk1_pool,foo1,256k,128,158,1,998.732769
hdd,180,write,disk1_pool,foo1,256k,128,316,1,1404.971407
hdd,180,write,disk1_pool,foo1,256k,128,500,1,2560.311128
hdd,180,write,disk1_pool,foo1,256k,128,600,1,2991.190511
hdd,180,write,disk1_pool,foo1,256k,256,1,1,1211.451002
hdd,180,write,disk1_pool,foo1,256k,256,158,1,1922.20875
hdd,180,write,disk1_pool,foo1,256k,256,316,1,2384.351728
hdd,180,write,disk1_pool,foo1,256k,256,500,1,3008.481564
hdd,180,write,disk1_pool,foo1,256k,256,600,1,3037.730931
hdd,180,write,disk1_pool,foo1,1M,1,1,4.967952,49.1998
hdd,180,write,disk1_pool,foo1,1M,1,158,4.971127,55.589672
hdd,180,write,disk1_pool,foo1,1M,1,316,4.97027,66.947297
hdd,180,write,disk1_pool,foo1,1M,1,500,4.928803,83.345469
hdd,180,write,disk1_pool,foo1,1M,1,600,4.099338,740.715232
hdd,180,write,disk1_pool,foo1,1M,8,1,4.991511,157.983986
hdd,180,write,disk1_pool,foo1,1M,8,158,4.979317,210.670889
hdd,180,write,disk1_pool,foo1,1M,8,316,4.982015,220.095213
hdd,180,write,disk1_pool,foo1,1M,8,500,4.871404,695.890863
hdd,180,write,disk1_pool,foo1,1M,8,600,4.849812,1033.331665
hdd,180,write,disk1_pool,foo1,1M,16,1,4.992462,254.078832
hdd,180,write,disk1_pool,foo1,1M,16,158,4.985714,372.177009
hdd,180,write,disk1_pool,foo1,1M,16,316,4.985816,496.966312
hdd,180,write,disk1_pool,foo1,1M,16,500,4.897436,1391.94359
hdd,180,write,disk1_pool,foo1,1M,16,600,4.790071,2371.577305
hdd,180,write,disk1_pool,foo1,1M,32,1,4.990276,468.505077
hdd,180,write,disk1_pool,foo1,1M,32,158,4.979983,690.064637
hdd,180,write,disk1_pool,foo1,1M,32,316,4.97678,1027.818821
hdd,180,write,disk1_pool,foo1,1M,32,500,4.908913,2113.858165
hdd,180,write,disk1_pool,foo1,1M,32,600,4.870629,2850.631119
hdd,180,write,disk1_pool,foo1,1M,64,1,4.986094,882.351785
hdd,180,write,disk1_pool,foo1,1M,64,158,4.976599,1272.12927
hdd,180,write,disk1_pool,foo1,1M,64,316,4.962117,1978.200279
hdd,180,write,disk1_pool,foo1,1M,64,500,4.931409,2808.111669
hdd,180,write,disk1_pool,foo1,1M,64,600,4.946232,2876.451324
hdd,180,write,disk1_pool,foo1,1M,128,1,4.981366,1465.658725
hdd,180,write,disk1_pool,foo1,1M,128,158,4.972414,1876.811494
hdd,180,write,disk1_pool,foo1,1M,128,316,4.962463,2370.6981
hdd,180,write,disk1_pool,foo1,1M,128,500,4.958549,2859.625907
hdd,180,write,disk1_pool,foo1,1M,128,600,4.946301,3360.825179
hdd,180,write,disk1_pool,foo1,1M,256,1,4.983159,1324.297015
hdd,180,write,disk1_pool,foo1,1M,256,158,4.97546,1913.441036
hdd,180,write,disk1_pool,foo1,1M,256,316,4.966997,2303.859942
hdd,180,write,disk1_pool,foo1,1M,256,500,4.950339,3290.857223
hdd,180,write,disk1_pool,foo1,1M,256,600,4.948778,3413.488068
hdd,180,write,disk1_pool,foo1,2M,1,1,10.944009,57.044793
hdd,180,write,disk1_pool,foo1,2M,1,158,10.863014,76.825723
hdd,180,write,disk1_pool,foo1,2M,1,316,10.785795,111.565953
hdd,180,write,disk1_pool,foo1,2M,1,500,9.934708,362.580756
hdd,180,write,disk1_pool,foo1,2M,1,600,10.737119,104.664564
hdd,180,write,disk1_pool,foo1,2M,8,1,10.969101,228.689045
hdd,180,write,disk1_pool,foo1,2M,8,158,10.921507,322.786499
hdd,180,write,disk1_pool,foo1,2M,8,316,10.946058,339.357261
hdd,180,write,disk1_pool,foo1,2M,8,500,10.494471,1215.808847
hdd,180,write,disk1_pool,foo1,2M,8,600,10.156379,1752.269547
hdd,180,write,disk1_pool,foo1,2M,16,1,10.959152,420.78989
hdd,180,write,disk1_pool,foo1,2M,16,158,10.937151,561.007332
hdd,180,write,disk1_pool,foo1,2M,16,316,10.871495,980.188668
hdd,180,write,disk1_pool,foo1,2M,16,500,10.636752,1780.152778
hdd,180,write,disk1_pool,foo1,2M,16,600,10.359606,2725.758621
hdd,180,write,disk1_pool,foo1,2M,32,1,10.934211,801.306774
hdd,180,write,disk1_pool,foo1,2M,32,158,10.906361,1060.63836
hdd,180,write,disk1_pool,foo1,2M,32,316,10.85877,1597.780866
hdd,180,write,disk1_pool,foo1,2M,32,500,10.712919,2741.12201
hdd,180,write,disk1_pool,foo1,2M,32,600,10.671564,2944.164218
hdd,180,write,disk1_pool,foo1,2M,64,1,10.925247,1269.157704
hdd,180,write,disk1_pool,foo1,2M,64,158,10.901837,1729.963585
hdd,180,write,disk1_pool,foo1,2M,64,316,10.832546,2439.03435
hdd,180,write,disk1_pool,foo1,2M,64,500,10.76,3215.274857
hdd,180,write,disk1_pool,foo1,2M,64,600,10.732685,3411.253949
hdd,180,write,disk1_pool,foo1,2M,128,1,10.925857,1240.257878
hdd,180,write,disk1_pool,foo1,2M,128,158,10.885859,1686.726696
hdd,180,write,disk1_pool,foo1,2M,128,316,10.843021,2344.64616
hdd,180,write,disk1_pool,foo1,2M,128,500,10.777537,3093.055345
hdd,180,write,disk1_pool,foo1,2M,128,600,10.778807,3109.694959
hdd,180,write,disk1_pool,foo1,2M,256,1,10.931413,1246.748971
hdd,180,write,disk1_pool,foo1,2M,256,158,10.909201,1680.908898
hdd,180,write,disk1_pool,foo1,2M,256,316,10.840777,2270.640777
hdd,180,write,disk1_pool,foo1,2M,256,500,10.789876,3025.355301
hdd,180,write,disk1_pool,foo1,2M,256,600,10.767442,3296.459167
hdd,180,write,disk1_pool,foo1,4M,1,1,21.764222,74.139222
hdd,180,write,disk1_pool,foo1,4M,1,158,21.741879,87.453029
hdd,180,write,disk1_pool,foo1,4M,1,316,21.22752,139.087193
hdd,180,write,disk1_pool,foo1,4M,1,500,21.054662,313.717042
hdd,180,write,disk1_pool,foo1,4M,1,600,21.72332,131.357049
hdd,180,write,disk1_pool,foo1,4M,8,1,21.870493,387.176945
hdd,180,write,disk1_pool,foo1,4M,8,158,21.790837,541.996016
hdd,180,write,disk1_pool,foo1,4M,8,316,21.315961,889.798046
hdd,180,write,disk1_pool,foo1,4M,8,500,21.654676,846.963001
hdd,180,write,disk1_pool,foo1,4M,8,600,19.92515,2517.224551
hdd,180,write,disk1_pool,foo1,4M,16,1,21.812165,719.971825
hdd,180,write,disk1_pool,foo1,4M,16,158,21.660414,1051.529754
hdd,180,write,disk1_pool,foo1,4M,16,316,21.271352,1496.891459
hdd,180,write,disk1_pool,foo1,4M,16,500,20.840299,2526.219403
hdd,180,write,disk1_pool,foo1,4M,16,600,20.959184,2627.674927
hdd,180,write,disk1_pool,foo1,4M,32,1,21.734297,1168.983732
hdd,180,write,disk1_pool,foo1,4M,32,158,21.657465,1711.885822
hdd,180,write,disk1_pool,foo1,4M,32,316,21.457048,2360.723937
hdd,180,write,disk1_pool,foo1,4M,32,500,21.168317,2788.333663
hdd,180,write,disk1_pool,foo1,4M,32,600,21.013746,3285.767468
hdd,180,write,disk1_pool,foo1,4M,64,1,21.744595,1183.448198
hdd,180,write,disk1_pool,foo1,4M,64,158,21.576763,1585.440427
hdd,180,write,disk1_pool,foo1,4M,64,316,21.485452,2174.356049
hdd,180,write,disk1_pool,foo1,4M,64,500,21.074502,2999.703043
hdd,180,write,disk1_pool,foo1,4M,64,600,20.909707,3290.3307
hdd,180,write,disk1_pool,foo1,4M,128,1,21.739015,1190.798935
hdd,180,write,disk1_pool,foo1,4M,128,158,21.660276,1690.479329
hdd,180,write,disk1_pool,foo1,4M,128,316,21.470183,2213.584098
hdd,180,write,disk1_pool,foo1,4M,128,500,21.125888,3080.77665
hdd,180,write,disk1_pool,foo1,4M,128,600,21.053846,3368.198901
hdd,180,write,disk1_pool,foo1,4M,256,1,21.723919,1176.643766
hdd,180,write,disk1_pool,foo1,4M,256,158,21.712821,1729.226211
hdd,180,write,disk1_pool,foo1,4M,256,316,21.394515,2198.028833
hdd,180,write,disk1_pool,foo1,4M,256,500,21.184282,2909.573622
hdd,180,write,disk1_pool,foo1,4M,256,600,21.230563,3180.517426
hdd,180,randread,hdd_data_pool_2,image1,4k,1,1,1,10.133587
hdd,180,randread,hdd_data_pool_2,image1,4k,1,158,1,6.929647
hdd,180,randread,hdd_data_pool_2,image1,4k,1,316,1,12.030034
hdd,180,randread,hdd_data_pool_2,image1,4k,1,500,1,13.486625
hdd,180,randread,hdd_data_pool_2,image1,4k,1,600,1,14.416051
hdd,180,randread,hdd_data_pool_2,image1,4k,8,1,1,19.12092
hdd,180,randread,hdd_data_pool_2,image1,4k,8,158,1,35.645067
hdd,180,randread,hdd_data_pool_2,image1,4k,8,316,1,50.496625
hdd,180,randread,hdd_data_pool_2,image1,4k,8,500,1,58.056395
hdd,180,randread,hdd_data_pool_2,image1,4k,8,600,1,44.264938
hdd,180,randread,hdd_data_pool_2,image1,4k,16,1,1,44.164473
hdd,180,randread,hdd_data_pool_2,image1,4k,16,158,1,60.702494
hdd,180,randread,hdd_data_pool_2,image1,4k,16,316,1,87.638269
hdd,180,randread,hdd_data_pool_2,image1,4k,16,500,1,76.351291
hdd,180,randread,hdd_data_pool_2,image1,4k,16,600,1,142.41039
hdd,180,randread,hdd_data_pool_2,image1,4k,32,1,1,78.656284
hdd,180,randread,hdd_data_pool_2,image1,4k,32,158,1,120.667655
hdd,180,randread,hdd_data_pool_2,image1,4k,32,316,1,124.090705
hdd,180,randread,hdd_data_pool_2,image1,4k,32,500,1,209.843327
hdd,180,randread,hdd_data_pool_2,image1,4k,32,600,1,258.12057
hdd,180,randread,hdd_data_pool_2,image1,4k,64,1,1,147.937879
hdd,180,randread,hdd_data_pool_2,image1,4k,64,158,1,152.30216
hdd,180,randread,hdd_data_pool_2,image1,4k,64,316,1,315.531819
hdd,180,randread,hdd_data_pool_2,image1,4k,64,500,1,411.558007
hdd,180,randread,hdd_data_pool_2,image1,4k,64,600,1,439.005739
hdd,180,randread,hdd_data_pool_2,image1,4k,128,1,1,239.637391
hdd,180,randread,hdd_data_pool_2,image1,4k,128,158,1,422.990234
hdd,180,randread,hdd_data_pool_2,image1,4k,128,316,1,583.422022
hdd,180,randread,hdd_data_pool_2,image1,4k,128,500,1,715.177407
hdd,180,randread,hdd_data_pool_2,image1,4k,128,600,1,573.4169
hdd,180,randread,hdd_data_pool_2,image1,4k,256,1,1,590.284341
hdd,180,randread,hdd_data_pool_2,image1,4k,256,158,1,800.215613
hdd,180,randread,hdd_data_pool_2,image1,4k,256,316,1,1099.672613
hdd,180,randread,hdd_data_pool_2,image1,4k,256,500,1,949.37235
hdd,180,randread,hdd_data_pool_2,image1,4k,256,600,1,1381.916014
hdd,180,randread,hdd_data_pool_2,image1,32k,1,1,1,10.097965
hdd,180,randread,hdd_data_pool_2,image1,32k,1,158,1,10.352375
hdd,180,randread,hdd_data_pool_2,image1,32k,1,316,1,7.802507
hdd,180,randread,hdd_data_pool_2,image1,32k,1,500,1,13.598027
hdd,180,randread,hdd_data_pool_2,image1,32k,1,600,1,14.807952
hdd,180,randread,hdd_data_pool_2,image1,32k,8,1,1,26.87994
hdd,180,randread,hdd_data_pool_2,image1,32k,8,158,1,23.755063
hdd,180,randread,hdd_data_pool_2,image1,32k,8,316,1,44.769566
hdd,180,randread,hdd_data_pool_2,image1,32k,8,500,1,55.679966
hdd,180,randread,hdd_data_pool_2,image1,32k,8,600,1,83.617537
hdd,180,randread,hdd_data_pool_2,image1,32k,16,1,1,34.406561
hdd,180,randread,hdd_data_pool_2,image1,32k,16,158,1,65.471852
hdd,180,randread,hdd_data_pool_2,image1,32k,16,316,1,92.449708
hdd,180,randread,hdd_data_pool_2,image1,32k,16,500,1,116.399538
hdd,180,randread,hdd_data_pool_2,image1,32k,16,600,1,96.674427
hdd,180,randread,hdd_data_pool_2,image1,32k,32,1,1,82.755558
hdd,180,randread,hdd_data_pool_2,image1,32k,32,158,1,125.061951
hdd,180,randread,hdd_data_pool_2,image1,32k,32,316,1,170.275074
hdd,180,randread,hdd_data_pool_2,image1,32k,32,500,1,152.365653
hdd,180,randread,hdd_data_pool_2,image1,32k,32,600,1,257.138427
hdd,180,randread,hdd_data_pool_2,image1,32k,64,1,1,159.204735
hdd,180,randread,hdd_data_pool_2,image1,32k,64,158,1,238.482386
hdd,180,randread,hdd_data_pool_2,image1,32k,64,316,1,221.154108
hdd,180,randread,hdd_data_pool_2,image1,32k,64,500,1,405.872566
hdd,180,randread,hdd_data_pool_2,image1,32k,64,600,1,455.1917
hdd,180,randread,hdd_data_pool_2,image1,32k,128,1,1,308.535215
hdd,180,randread,hdd_data_pool_2,image1,32k,128,158,1,303.573864
hdd,180,randread,hdd_data_pool_2,image1,32k,128,316,1,597.986295
hdd,180,randread,hdd_data_pool_2,image1,32k,128,500,1,742.32922
hdd,180,randread,hdd_data_pool_2,image1,32k,128,600,1,781.405989
hdd,180,randread,hdd_data_pool_2,image1,32k,256,1,1,493.593028
hdd,180,randread,hdd_data_pool_2,image1,32k,256,158,1,826.260476
hdd,180,randread,hdd_data_pool_2,image1,32k,256,316,1,1052.324285
hdd,180,randread,hdd_data_pool_2,image1,32k,256,500,1,1244.993955
hdd,180,randread,hdd_data_pool_2,image1,32k,256,600,1,1104.042003
hdd,180,randread,hdd_data_pool_2,image1,64k,1,1,1,10.641451
hdd,180,randread,hdd_data_pool_2,image1,64k,1,158,1,11.275821
hdd,180,randread,hdd_data_pool_2,image1,64k,1,316,1,12.169738
hdd,180,randread,hdd_data_pool_2,image1,64k,1,500,1,8.73761
hdd,180,randread,hdd_data_pool_2,image1,64k,1,600,1,14.90887
hdd,180,randread,hdd_data_pool_2,image1,64k,8,1,1,27.428253
hdd,180,randread,hdd_data_pool_2,image1,64k,8,158,1,36.173415
hdd,180,randread,hdd_data_pool_2,image1,64k,8,316,1,32.142543
hdd,180,randread,hdd_data_pool_2,image1,64k,8,500,1,68.360235
hdd,180,randread,hdd_data_pool_2,image1,64k,8,600,1,64.624735
hdd,180,randread,hdd_data_pool_2,image1,64k,16,1,1,45.813246
hdd,180,randread,hdd_data_pool_2,image1,64k,16,158,1,45.058433
hdd,180,randread,hdd_data_pool_2,image1,64k,16,316,1,92.680356
hdd,180,randread,hdd_data_pool_2,image1,64k,16,500,1,122.613884
hdd,180,randread,hdd_data_pool_2,image1,64k,16,600,1,132.793289
hdd,180,randread,hdd_data_pool_2,image1,64k,32,1,1,67.628839
hdd,180,randread,hdd_data_pool_2,image1,64k,32,158,1,128.945424
hdd,180,randread,hdd_data_pool_2,image1,64k,32,316,1,165.74154
hdd,180,randread,hdd_data_pool_2,image1,64k,32,500,1,214.753182
hdd,180,randread,hdd_data_pool_2,image1,64k,32,600,1,170.041653
hdd,180,randread,hdd_data_pool_2,image1,64k,64,1,1,167.354266
hdd,180,randread,hdd_data_pool_2,image1,64k,64,158,1,246.272054
hdd,180,randread,hdd_data_pool_2,image1,64k,64,316,1,324.884108
hdd,180,randread,hdd_data_pool_2,image1,64k,64,500,1,298.496051
hdd,180,randread,hdd_data_pool_2,image1,64k,64,600,1,444.859327
hdd,180,randread,hdd_data_pool_2,image1,64k,128,1,1,326.174636
hdd,180,randread,hdd_data_pool_2,image1,64k,128,158,1,452.768095
hdd,180,randread,hdd_data_pool_2,image1,64k,128,316,1,417.433132
hdd,180,randread,hdd_data_pool_2,image1,64k,128,500,1,712.546671
hdd,180,randread,hdd_data_pool_2,image1,64k,128,600,1,736.629397
hdd,180,randread,hdd_data_pool_2,image1,64k,256,1,1,625.398893
hdd,180,randread,hdd_data_pool_2,image1,64k,256,158,1,624.167579
hdd,180,randread,hdd_data_pool_2,image1,64k,256,316,1,1070.250624
hdd,180,randread,hdd_data_pool_2,image1,64k,256,500,1,1230.537078
hdd,180,randread,hdd_data_pool_2,image1,64k,256,600,1,1325.990491
hdd,180,randread,hdd_data_pool_2,image1,256k,1,1,1,9.450907
hdd,180,randread,hdd_data_pool_2,image1,256k,1,158,1,15.577216
hdd,180,randread,hdd_data_pool_2,image1,256k,1,316,1,17.216897
hdd,180,randread,hdd_data_pool_2,image1,256k,1,500,1,19.84716
hdd,180,randread,hdd_data_pool_2,image1,256k,1,600,1,13.179725
hdd,180,randread,hdd_data_pool_2,image1,256k,8,1,1,36.401038
hdd,180,randread,hdd_data_pool_2,image1,256k,8,158,1,51.652272
hdd,180,randread,hdd_data_pool_2,image1,256k,8,316,1,64.623046
hdd,180,randread,hdd_data_pool_2,image1,256k,8,500,1,56.816869
hdd,180,randread,hdd_data_pool_2,image1,256k,8,600,1,96.990242
hdd,180,randread,hdd_data_pool_2,image1,256k,16,1,1,62.331097
hdd,180,randread,hdd_data_pool_2,image1,256k,16,158,1,89.870676
hdd,180,randread,hdd_data_pool_2,image1,256k,16,316,1,81.321125
hdd,180,randread,hdd_data_pool_2,image1,256k,16,500,1,164.834069
hdd,180,randread,hdd_data_pool_2,image1,256k,16,600,1,201.10467
hdd,180,randread,hdd_data_pool_2,image1,256k,32,1,1,115.074314
hdd,180,randread,hdd_data_pool_2,image1,256k,32,158,1,116.844555
hdd,180,randread,hdd_data_pool_2,image1,256k,32,316,1,220.702179
hdd,180,randread,hdd_data_pool_2,image1,256k,32,500,1,291.815616
hdd,180,randread,hdd_data_pool_2,image1,256k,32,600,1,330.684283
hdd,180,randread,hdd_data_pool_2,image1,256k,64,1,1,177.883022
hdd,180,randread,hdd_data_pool_2,image1,256k,64,158,1,330.705266
hdd,180,randread,hdd_data_pool_2,image1,256k,64,316,1,409.75341
hdd,180,randread,hdd_data_pool_2,image1,256k,64,500,1,519.324281
hdd,180,randread,hdd_data_pool_2,image1,256k,64,600,1,404.515691
hdd,180,randread,hdd_data_pool_2,image1,256k,128,1,1,448.77486
hdd,180,randread,hdd_data_pool_2,image1,256k,128,158,1,608.793824
hdd,180,randread,hdd_data_pool_2,image1,256k,128,316,1,769.10146
hdd,180,randread,hdd_data_pool_2,image1,256k,128,500,1,701.630846
hdd,180,randread,hdd_data_pool_2,image1,256k,128,600,1,999.259567
hdd,180,randread,hdd_data_pool_2,image1,256k,256,1,1,907.877965
hdd,180,randread,hdd_data_pool_2,image1,256k,256,158,1,1271.14339
hdd,180,randread,hdd_data_pool_2,image1,256k,256,316,1,1078.561106
hdd,180,randread,hdd_data_pool_2,image1,256k,256,500,1,1858.604923
hdd,180,randread,hdd_data_pool_2,image1,256k,256,600,1,1951.879483
hdd,180,randread,hdd_data_pool_2,image1,1m,1,1,1,17.715564
hdd,180,randread,hdd_data_pool_2,image1,1m,1,158,1,14.663744
hdd,180,randread,hdd_data_pool_2,image1,1m,1,316,1,21.7925
hdd,180,randread,hdd_data_pool_2,image1,1m,1,500,1,24.185137
hdd,180,randread,hdd_data_pool_2,image1,1m,1,600,1,25.814505
hdd,180,randread,hdd_data_pool_2,image1,1m,8,1,1,44.045291
hdd,180,randread,hdd_data_pool_2,image1,1m,8,158,1,65.801314
hdd,180,randread,hdd_data_pool_2,image1,1m,8,316,1,90.129168
hdd,180,randread,hdd_data_pool_2,image1,1m,8,500,1,113.26181
hdd,180,randread,hdd_data_pool_2,image1,1m,8,600,1,101.185611
hdd,180,randread,hdd_data_pool_2,image1,1m,16,1,1,104.706717
hdd,180,randread,hdd_data_pool_2,image1,1m,16,158,1,127.717159
hdd,180,randread,hdd_data_pool_2,image1,1m,16,316,1,161.495787
hdd,180,randread,hdd_data_pool_2,image1,1m,16,500,1,161.00937
hdd,180,randread,hdd_data_pool_2,image1,1m,16,600,1,260.331307
hdd,180,randread,hdd_data_pool_2,image1,1m,32,1,1,201.220307
hdd,180,randread,hdd_data_pool_2,image1,1m,32,158,1,241.411663
hdd,180,randread,hdd_data_pool_2,image1,1m,32,316,1,228.02018
hdd,180,randread,hdd_data_pool_2,image1,1m,32,500,1,385.338711
hdd,180,randread,hdd_data_pool_2,image1,1m,32,600,1,416.821209
hdd,180,randread,hdd_data_pool_2,image1,1m,64,1,1,393.290315
hdd,180,randread,hdd_data_pool_2,image1,1m,64,158,1,385.624849
hdd,180,randread,hdd_data_pool_2,image1,1m,64,316,1,556.260828
hdd,180,randread,hdd_data_pool_2,image1,1m,64,500,1,684.726706
hdd,180,randread,hdd_data_pool_2,image1,1m,64,600,1,712.137991
hdd,180,randread,hdd_data_pool_2,image1,1m,128,1,1,518.924587
hdd,180,randread,hdd_data_pool_2,image1,1m,128,158,1,728.221689
hdd,180,randread,hdd_data_pool_2,image1,1m,128,316,1,847.566017
hdd,180,randread,hdd_data_pool_2,image1,1m,128,500,1,946.883957
hdd,180,randread,hdd_data_pool_2,image1,1m,128,600,1,859.147543
hdd,180,randread,hdd_data_pool_2,image1,1m,256,1,1,620.573839
hdd,180,randread,hdd_data_pool_2,image1,1m,256,158,1,726.551455
hdd,180,randread,hdd_data_pool_2,image1,1m,256,316,1,824.481468
hdd,180,randread,hdd_data_pool_2,image1,1m,256,500,1,821.545763
hdd,180,randread,hdd_data_pool_2,image1,1m,256,600,1,1058.107234
hdd,180,randread,hdd_data_pool_2,image1,2m,1,1,1,24.944951
hdd,180,randread,hdd_data_pool_2,image1,2m,1,158,1,27.648954
hdd,180,randread,hdd_data_pool_2,image1,2m,1,316,1,22.877309
hdd,180,randread,hdd_data_pool_2,image1,2m,1,500,1,34.654747
hdd,180,randread,hdd_data_pool_2,image1,2m,1,600,1,36.451298
hdd,180,randread,hdd_data_pool_2,image1,2m,8,1,1,78.641278
hdd,180,randread,hdd_data_pool_2,image1,2m,8,158,1,75.427915
hdd,180,randread,hdd_data_pool_2,image1,2m,8,316,1,108.871211
hdd,180,randread,hdd_data_pool_2,image1,2m,8,500,1,140.344478
hdd,180,randread,hdd_data_pool_2,image1,2m,8,600,1,171.043972
hdd,180,randread,hdd_data_pool_2,image1,2m,16,1,1,124.200415
hdd,180,randread,hdd_data_pool_2,image1,2m,16,158,1,181.584954
hdd,180,randread,hdd_data_pool_2,image1,2m,16,316,1,223.462437
hdd,180,randread,hdd_data_pool_2,image1,2m,16,500,1,298.400689
hdd,180,randread,hdd_data_pool_2,image1,2m,16,600,1,287.297962
hdd,180,randread,hdd_data_pool_2,image1,2m,32,1,1,287.524248
hdd,180,randread,hdd_data_pool_2,image1,2m,32,158,1,353.359936
hdd,180,randread,hdd_data_pool_2,image1,2m,32,316,1,424.796062
hdd,180,randread,hdd_data_pool_2,image1,2m,32,500,1,438.762947
hdd,180,randread,hdd_data_pool_2,image1,2m,32,600,1,542.843694
hdd,180,randread,hdd_data_pool_2,image1,2m,64,1,1,449.68129
hdd,180,randread,hdd_data_pool_2,image1,2m,64,158,1,527.087176
hdd,180,randread,hdd_data_pool_2,image1,2m,64,316,1,521.609603
hdd,180,randread,hdd_data_pool_2,image1,2m,64,500,1,758.623825
hdd,180,randread,hdd_data_pool_2,image1,2m,64,600,1,800.532381
hdd,180,randread,hdd_data_pool_2,image1,2m,128,1,1,450.077542
hdd,180,randread,hdd_data_pool_2,image1,2m,128,158,1,450.446164
hdd,180,randread,hdd_data_pool_2,image1,2m,128,316,1,622.381093
hdd,180,randread,hdd_data_pool_2,image1,2m,128,500,1,739.745489
hdd,180,randread,hdd_data_pool_2,image1,2m,128,600,1,775.926142
hdd,180,randread,hdd_data_pool_2,image1,2m,256,1,1,382.150688
hdd,180,randread,hdd_data_pool_2,image1,2m,256,158,1,539.43255
hdd,180,randread,hdd_data_pool_2,image1,2m,256,316,1,612.901352
hdd,180,randread,hdd_data_pool_2,image1,2m,256,500,1,753.845553
hdd,180,randread,hdd_data_pool_2,image1,2m,256,600,1,676.082724
hdd,180,randread,hdd_data_pool_2,image1,4m,1,1,1,37.48409
hdd,180,randread,hdd_data_pool_2,image1,4m,1,158,1,41.511237
hdd,180,randread,hdd_data_pool_2,image1,4m,1,316,1,45
hdd,180,randread,hdd_data_pool_2,image1,4m,1,500,1,41.194323
hdd,180,randread,hdd_data_pool_2,image1,4m,1,600,1,51.430551
hdd,180,randread,hdd_data_pool_2,image1,4m,8,1,1,124.715842
hdd,180,randread,hdd_data_pool_2,image1,4m,8,158,1,151.637234
hdd,180,randread,hdd_data_pool_2,image1,4m,8,316,1,146.839361
hdd,180,randread,hdd_data_pool_2,image1,4m,8,500,1,259.669166
hdd,180,randread,hdd_data_pool_2,image1,4m,8,600,1,320.344657
hdd,180,randread,hdd_data_pool_2,image1,4m,16,1,1,238.850919
hdd,180,randread,hdd_data_pool_2,image1,4m,16,158,1,248.378821
hdd,180,randread,hdd_data_pool_2,image1,4m,16,316,1,356.48048
hdd,180,randread,hdd_data_pool_2,image1,4m,16,500,1,465.131545
hdd,180,randread,hdd_data_pool_2,image1,4m,16,600,1,512.417993
hdd,180,randread,hdd_data_pool_2,image1,4m,32,1,1,322.175973
hdd,180,randread,hdd_data_pool_2,image1,4m,32,158,1,442.912691
hdd,180,randread,hdd_data_pool_2,image1,4m,32,316,1,520.800511
hdd,180,randread,hdd_data_pool_2,image1,4m,32,500,1,649.561833
hdd,180,randread,hdd_data_pool_2,image1,4m,32,600,1,599.64008
hdd,180,randread,hdd_data_pool_2,image1,4m,64,1,1,368.312049
hdd,180,randread,hdd_data_pool_2,image1,4m,64,158,1,451.875994
hdd,180,randread,hdd_data_pool_2,image1,4m,64,316,1,533.3565
hdd,180,randread,hdd_data_pool_2,image1,4m,64,500,1,577.978169
hdd,180,randread,hdd_data_pool_2,image1,4m,64,600,1,698.830992
hdd,180,randread,hdd_data_pool_2,image1,4m,128,1,1,363.502142
hdd,180,randread,hdd_data_pool_2,image1,4m,128,158,1,441.855898
hdd,180,randread,hdd_data_pool_2,image1,4m,128,316,1,458.16518
hdd,180,randread,hdd_data_pool_2,image1,4m,128,500,1,659.289683
hdd,180,randread,hdd_data_pool_2,image1,4m,128,600,1,701.996928
hdd,180,randread,hdd_data_pool_2,image1,4m,256,1,1,364.802103
hdd,180,randread,hdd_data_pool_2,image1,4m,256,158,1,386.855006
hdd,180,randread,hdd_data_pool_2,image1,4m,256,316,1,523.989049
hdd,180,randread,hdd_data_pool_2,image1,4m,256,500,1,649.150988
hdd,180,randread,hdd_data_pool_2,image1,4m,256,600,1,676.206358
hdd,180,randwrite,hdd_data_pool_1,image1,4k,1,1,1,24.957184
hdd,180,randwrite,hdd_data_pool_1,image1,4k,1,158,1,34.162459
hdd,180,randwrite,hdd_data_pool_1,image1,4k,1,316,1,32.782845
hdd,180,randwrite,hdd_data_pool_1,image1,4k,1,500,1,33.968188
hdd,180,randwrite,hdd_data_pool_1,image1,4k,1,600,1,52.915351
hdd,180,randwrite,hdd_data_pool_1,image1,4k,8,1,1,73.10506
hdd,180,randwrite,hdd_data_pool_1,image1,4k,8,158,1,90.900294
hdd,180,randwrite,hdd_data_pool_1,image1,4k,8,316,1,69.997208
hdd,180,randwrite,hdd_data_pool_1,image1,4k,8,500,1,181.132546
hdd,180,randwrite,hdd_data_pool_1,image1,4k,8,600,1,312.852257
hdd,180,randwrite,hdd_data_pool_1,image1,4k,16,1,1,104.002719
hdd,180,randwrite,hdd_data_pool_1,image1,4k,16,158,1,93.453448
hdd,180,randwrite,hdd_data_pool_1,image1,4k,16,316,1,234.92852
hdd,180,randwrite,hdd_data_pool_1,image1,4k,16,500,1,382.085722
hdd,180,randwrite,hdd_data_pool_1,image1,4k,16,600,1,328.549749
hdd,180,randwrite,hdd_data_pool_1,image1,4k,32,1,1,140.609848
hdd,180,randwrite,hdd_data_pool_1,image1,4k,32,158,1,218.007749
hdd,180,randwrite,hdd_data_pool_1,image1,4k,32,316,1,280.567602
hdd,180,randwrite,hdd_data_pool_1,image1,4k,32,500,1,448.186221
hdd,180,randwrite,hdd_data_pool_1,image1,4k,32,600,1,433.089364
hdd,180,randwrite,hdd_data_pool_1,image1,4k,64,1,1,319.174892
hdd,180,randwrite,hdd_data_pool_1,image1,4k,64,158,1,402.25099
hdd,180,randwrite,hdd_data_pool_1,image1,4k,64,316,1,516.11826
hdd,180,randwrite,hdd_data_pool_1,image1,4k,64,500,1,352.634468
hdd,180,randwrite,hdd_data_pool_1,image1,4k,64,600,1,920.717967
hdd,180,randwrite,hdd_data_pool_1,image1,4k,128,1,1,617.559837
hdd,180,randwrite,hdd_data_pool_1,image1,4k,128,158,1,713.541749
hdd,180,randwrite,hdd_data_pool_1,image1,4k,128,316,1,604.470679
hdd,180,randwrite,hdd_data_pool_1,image1,4k,128,500,1,1251.536592
hdd,180,randwrite,hdd_data_pool_1,image1,4k,128,600,1,1205.477633
hdd,180,randwrite,hdd_data_pool_1,image1,4k,256,1,1,1252.070888
hdd,180,randwrite,hdd_data_pool_1,image1,4k,256,158,1,1301.655672
hdd,180,randwrite,hdd_data_pool_1,image1,4k,256,316,1,1721.315694
hdd,180,randwrite,hdd_data_pool_1,image1,4k,256,500,1,1669.566992
hdd,180,randwrite,hdd_data_pool_1,image1,4k,256,600,1,1638.484328
hdd,180,randwrite,hdd_data_pool_1,image1,32k,1,1,1,19.036479
hdd,180,randwrite,hdd_data_pool_1,image1,32k,1,158,1,28.190193
hdd,180,randwrite,hdd_data_pool_1,image1,32k,1,316,1,52.051143
hdd,180,randwrite,hdd_data_pool_1,image1,32k,1,500,1,39.261435
hdd,180,randwrite,hdd_data_pool_1,image1,32k,1,600,1,48.388535
hdd,180,randwrite,hdd_data_pool_1,image1,32k,8,1,1,68.177157
hdd,180,randwrite,hdd_data_pool_1,image1,32k,8,158,1,61.745359
hdd,180,randwrite,hdd_data_pool_1,image1,32k,8,316,1,95.790667
hdd,180,randwrite,hdd_data_pool_1,image1,32k,8,500,1,128.237807
hdd,180,randwrite,hdd_data_pool_1,image1,32k,8,600,1,191.592269
hdd,180,randwrite,hdd_data_pool_1,image1,32k,16,1,1,106.374909
hdd,180,randwrite,hdd_data_pool_1,image1,32k,16,158,1,100.977048
hdd,180,randwrite,hdd_data_pool_1,image1,32k,16,316,1,182.775425
hdd,180,randwrite,hdd_data_pool_1,image1,32k,16,500,1,391.875834
hdd,180,randwrite,hdd_data_pool_1,image1,32k,16,600,1,239.480624
hdd,180,randwrite,hdd_data_pool_1,image1,32k,32,1,1,192.532476
hdd,180,randwrite,hdd_data_pool_1,image1,32k,32,158,1,186.301855
hdd,180,randwrite,hdd_data_pool_1,image1,32k,32,316,1,305.585923
hdd,180,randwrite,hdd_data_pool_1,image1,32k,32,500,1,224.400393
hdd,180,randwrite,hdd_data_pool_1,image1,32k,64,158,1,321.352938
hdd,180,randwrite,hdd_data_pool_1,image1,32k,64,316,1,482.827682
hdd,180,randwrite,hdd_data_pool_1,image1,32k,64,500,1,894.3829
hdd,180,randwrite,hdd_data_pool_1,image1,32k,64,600,1,637.79485
hdd,180,randwrite,hdd_data_pool_1,image1,32k,128,1,1,645.45405
hdd,180,randwrite,hdd_data_pool_1,image1,32k,128,158,1,653.25454
hdd,180,randwrite,hdd_data_pool_1,image1,32k,128,316,1,967.613009
hdd,180,randwrite,hdd_data_pool_1,image1,32k,128,500,1,1052.022745
hdd,180,randwrite,hdd_data_pool_1,image1,32k,128,600,1,1265.045435
hdd,180,randwrite,hdd_data_pool_1,image1,32k,256,1,1,1340.012706
hdd,180,randwrite,hdd_data_pool_1,image1,32k,256,158,1,1625.465663
hdd,180,randwrite,hdd_data_pool_1,image1,32k,256,316,1,1959.611165
hdd,180,randwrite,hdd_data_pool_1,image1,32k,256,500,1,1965.46741
hdd,180,randwrite,hdd_data_pool_1,image1,32k,256,600,1,859.544831
hdd,180,randwrite,hdd_data_pool_1,image1,64k,1,1,1,41.166333
hdd,180,randwrite,hdd_data_pool_1,image1,64k,1,158,1,52.098152
hdd,180,randwrite,hdd_data_pool_1,image1,64k,1,316,1,66.081566
hdd,180,randwrite,hdd_data_pool_1,image1,64k,1,500,1,61.235467
hdd,180,randwrite,hdd_data_pool_1,image1,64k,1,600,1,68.615323
hdd,180,randwrite,hdd_data_pool_1,image1,64k,8,1,1,119.972575
hdd,180,randwrite,hdd_data_pool_1,image1,64k,8,158,1,149.208975
hdd,180,randwrite,hdd_data_pool_1,image1,64k,8,316,1,178.439499
hdd,180,randwrite,hdd_data_pool_1,image1,64k,8,500,1,217.195623
hdd,180,randwrite,hdd_data_pool_1,image1,64k,8,600,1,401.893743
hdd,180,randwrite,hdd_data_pool_1,image1,64k,16,1,1,134.283052
hdd,180,randwrite,hdd_data_pool_1,image1,64k,16,158,1,168.21087
hdd,180,randwrite,hdd_data_pool_1,image1,64k,16,316,1,250.252222
hdd,180,randwrite,hdd_data_pool_1,image1,64k,16,500,1,416.952574
hdd,180,randwrite,hdd_data_pool_1,image1,64k,16,600,1,511.881594
hdd,180,randwrite,hdd_data_pool_1,image1,64k,32,1,1,189.024288
hdd,180,randwrite,hdd_data_pool_1,image1,64k,32,158,1,255.37444
hdd,180,randwrite,hdd_data_pool_1,image1,64k,32,316,1,437.82393
hdd,180,randwrite,hdd_data_pool_1,image1,64k,32,500,1,622.492326
hdd,180,randwrite,hdd_data_pool_1,image1,64k,32,600,1,831.955179
hdd,180,randwrite,hdd_data_pool_1,image1,64k,64,1,1,319.253854
hdd,180,randwrite,hdd_data_pool_1,image1,64k,64,158,1,439.888759
hdd,180,randwrite,hdd_data_pool_1,image1,64k,64,316,1,642.310499
hdd,180,randwrite,hdd_data_pool_1,image1,64k,64,500,1,713.417389
hdd,180,randwrite,hdd_data_pool_1,image1,64k,64,600,1,970.816741
hdd,180,randwrite,hdd_data_pool_1,image1,64k,128,1,1,596.02926
hdd,180,randwrite,hdd_data_pool_1,image1,64k,128,158,1,799.405074
hdd,180,randwrite,hdd_data_pool_1,image1,64k,128,316,1,780.052577
hdd,180,randwrite,hdd_data_pool_1,image1,64k,128,500,1,1791.897402
hdd,180,randwrite,hdd_data_pool_1,image1,64k,128,600,1,1019.818157
hdd,180,randwrite,hdd_data_pool_1,image1,64k,256,1,1,1212.50462
hdd,180,randwrite,hdd_data_pool_1,image1,64k,256,158,1,1082.030935
hdd,180,randwrite,hdd_data_pool_1,image1,64k,256,316,1,2350.217814
hdd,180,randwrite,hdd_data_pool_1,image1,64k,256,500,1,1558.579069
hdd,180,randwrite,hdd_data_pool_1,image1,64k,256,600,1,3652.664666
hdd,180,randwrite,hdd_data_pool_1,image1,256k,1,1,1,49.352835
hdd,180,randwrite,hdd_data_pool_1,image1,256k,1,158,1,56.523295
hdd,180,randwrite,hdd_data_pool_1,image1,256k,1,316,1,65.787348
hdd,180,randwrite,hdd_data_pool_1,image1,256k,1,500,1,127.72198
hdd,180,randwrite,hdd_data_pool_1,image1,256k,1,600,1,78.86692
hdd,180,randwrite,hdd_data_pool_1,image1,256k,8,1,1,139.731151
hdd,180,randwrite,hdd_data_pool_1,image1,256k,8,158,1,199.674224
hdd,180,randwrite,hdd_data_pool_1,image1,256k,8,316,1,285.291058
hdd,180,randwrite,hdd_data_pool_1,image1,256k,8,500,1,361.776094
hdd,180,randwrite,hdd_data_pool_1,image1,256k,8,600,1,382.001155
hdd,180,randwrite,hdd_data_pool_1,image1,256k,16,1,1,223.522988
hdd,180,randwrite,hdd_data_pool_1,image1,256k,16,158,1,282.380208
hdd,180,randwrite,hdd_data_pool_1,image1,256k,16,316,1,303.880112
hdd,180,randwrite,hdd_data_pool_1,image1,256k,16,500,1,633.884347
hdd,180,randwrite,hdd_data_pool_1,image1,256k,16,600,1,970.977617
hdd,180,randwrite,hdd_data_pool_1,image1,256k,32,1,1,367.136338
hdd,180,randwrite,hdd_data_pool_1,image1,256k,32,158,1,430.958362
hdd,180,randwrite,hdd_data_pool_1,image1,256k,32,500,1,1036.596626
hdd,180,randwrite,hdd_data_pool_1,image1,256k,32,600,1,1186.70922
hdd,180,randwrite,hdd_data_pool_1,image1,256k,64,1,1,674.436115
hdd,180,randwrite,hdd_data_pool_1,image1,256k,64,158,1,709.130038
hdd,180,randwrite,hdd_data_pool_1,image1,256k,64,316,1,1262.342137
hdd,180,randwrite,hdd_data_pool_1,image1,256k,64,500,1,1631.624724
hdd,180,randwrite,hdd_data_pool_1,image1,256k,64,600,1,1297.482664
hdd,180,randwrite,hdd_data_pool_1,image1,256k,128,1,1,691.942186
hdd,180,randwrite,hdd_data_pool_1,image1,256k,128,158,1,2276.323128
hdd,180,randwrite,hdd_data_pool_1,image1,256k,128,316,1,1618.899576
hdd,180,randwrite,hdd_data_pool_1,image1,256k,128,500,1,3007.867657
hdd,180,randwrite,hdd_data_pool_1,image1,256k,128,600,1,1095.674299
hdd,180,randwrite,hdd_data_pool_1,image1,256k,256,1,1,4477.022072
hdd,180,randwrite,hdd_data_pool_1,image1,256k,256,158,1,2017.141745
hdd,180,randwrite,hdd_data_pool_1,image1,256k,256,316,1,4533.124542
hdd,180,randwrite,hdd_data_pool_1,image1,256k,256,500,1,1077.435575
hdd,180,randwrite,hdd_data_pool_1,image1,256k,256,600,1,6974.260431
hdd,180,randwrite,hdd_data_pool_1,image1,1M,1,1,4.971809,64.119812
hdd,180,randwrite,hdd_data_pool_1,image1,1M,1,158,4.931166,81.101338
hdd,180,randwrite,hdd_data_pool_1,image1,1M,1,316,4.950282,99.887006
hdd,180,randwrite,hdd_data_pool_1,image1,1M,1,500,4.913824,153.61939
hdd,180,randwrite,hdd_data_pool_1,image1,1M,1,600,4.937824,107.90544
hdd,180,randwrite,hdd_data_pool_1,image1,1M,8,1,4.975627,228.486022
hdd,180,randwrite,hdd_data_pool_1,image1,1M,8,158,4.974864,269.827817
hdd,180,randwrite,hdd_data_pool_1,image1,1M,8,316,4.972603,351.661222
hdd,180,randwrite,hdd_data_pool_1,image1,1M,8,500,4.930131,601.936245
hdd,180,randwrite,hdd_data_pool_1,image1,1M,8,600,4.881709,786.431544
hdd,180,randwrite,hdd_data_pool_1,image1,1M,16,1,4.971727,365.438507
hdd,180,randwrite,hdd_data_pool_1,image1,1M,16,158,4.980233,456.951641
hdd,180,randwrite,hdd_data_pool_1,image1,1M,16,316,4.932377,684.712602
hdd,180,randwrite,hdd_data_pool_1,image1,1M,16,500,4.897516,1112.833851
hdd,180,randwrite,hdd_data_pool_1,image1,1M,16,600,4.930547,840.263666
hdd,180,randwrite,hdd_data_pool_1,image1,1M,32,1,4.984958,763.733011
hdd,180,randwrite,hdd_data_pool_1,image1,1M,32,158,4.961035,875.929459
hdd,180,randwrite,hdd_data_pool_1,image1,1M,32,316,4.942264,1273.187641
hdd,180,randwrite,hdd_data_pool_1,image1,1M,32,500,4.907621,1426.454965
hdd,180,randwrite,hdd_data_pool_1,image1,1M,32,600,4.944154,1880.393252
hdd,180,randwrite,hdd_data_pool_1,image1,1M,64,1,4.964535,1558.817303
hdd,180,randwrite,hdd_data_pool_1,image1,1M,64,158,4.964758,2135.895629
hdd,180,randwrite,hdd_data_pool_1,image1,1M,64,316,4.932303,1233.217807
hdd,180,randwrite,hdd_data_pool_1,image1,1M,64,500,4.957635,3771.346425
hdd,180,randwrite,hdd_data_pool_1,image1,1M,64,600,4.910561,1448.369648
hdd,180,randwrite,hdd_data_pool_1,image1,1M,128,1,4.95861,2404.977182
hdd,180,randwrite,hdd_data_pool_1,image1,1M,128,158,4.944567,1495.554331
hdd,180,randwrite,hdd_data_pool_1,image1,1M,128,316,4.960179,4072.672846
hdd,180,randwrite,hdd_data_pool_1,image1,1M,128,500,4.936262,3500.44186
hdd,180,randwrite,hdd_data_pool_1,image1,1M,128,600,4.948345,5723.516949
hdd,180,randwrite,hdd_data_pool_1,image1,1M,256,1,4.95424,1015.915693
hdd,180,randwrite,hdd_data_pool_1,image1,1M,256,158,4.968533,3854.27171
hdd,180,randwrite,hdd_data_pool_1,image1,1M,256,316,4.943994,3802.953943
hdd,180,randwrite,hdd_data_pool_1,image1,1M,256,500,4.950838,4652.728492
hdd,180,randwrite,hdd_data_pool_1,image1,1M,256,600,4.922621,1820.905645
hdd,180,randwrite,hdd_data_pool_1,image1,2M,1,1,10.901522,73.716204
hdd,180,randwrite,hdd_data_pool_1,image1,2M,1,316,10.805825,118.019417
hdd,180,randwrite,hdd_data_pool_1,image1,2M,1,500,10.754816,152.681261
hdd,180,randwrite,hdd_data_pool_1,image1,2M,1,600,10.243028,372.956175
hdd,180,randwrite,hdd_data_pool_1,image1,2M,8,1,10.948064,305.548159
hdd,180,randwrite,hdd_data_pool_1,image1,2M,8,158,10.884393,374.389595
hdd,180,randwrite,hdd_data_pool_1,image1,2M,8,316,10.877966,447.774237
hdd,180,randwrite,hdd_data_pool_1,image1,2M,8,500,10.821429,743.308824
hdd,180,randwrite,hdd_data_pool_1,image1,2M,8,600,10.608108,955.789189
hdd,180,randwrite,hdd_data_pool_1,image1,2M,16,1,10.891869,560.052336
hdd,180,randwrite,hdd_data_pool_1,image1,2M,16,158,10.862944,655.622335
hdd,180,randwrite,hdd_data_pool_1,image1,2M,16,316,10.85376,960.861421
hdd,180,randwrite,hdd_data_pool_1,image1,2M,16,500,10.787611,1322.70708
hdd,180,randwrite,hdd_data_pool_1,image1,2M,16,600,10.61945,1448.737844
hdd,180,randwrite,hdd_data_pool_1,image1,2M,32,1,10.857259,940.477162
hdd,180,randwrite,hdd_data_pool_1,image1,2M,32,158,10.840558,1345.946188
hdd,180,randwrite,hdd_data_pool_1,image1,2M,32,316,10.831981,1878.312283
hdd,180,randwrite,hdd_data_pool_1,image1,2M,32,500,10.746835,2299.620253
hdd,180,randwrite,hdd_data_pool_1,image1,2M,32,600,10.652241,1330.70711
hdd,180,randwrite,hdd_data_pool_1,image1,2M,64,1,10.8466,1862.224295
hdd,180,randwrite,hdd_data_pool_1,image1,2M,64,158,10.872361,2796.244477
hdd,180,randwrite,hdd_data_pool_1,image1,2M,64,316,10.789357,2668.903548
hdd,180,randwrite,hdd_data_pool_1,image1,2M,64,500,10.773284,2396.791054
hdd,180,randwrite,hdd_data_pool_1,image1,2M,64,600,10.815825,4630.887449
hdd,180,randwrite,hdd_data_pool_1,image1,2M,128,1,10.9022,2346.949878
hdd,180,randwrite,hdd_data_pool_1,image1,2M,128,158,10.850314,2541.673588
hdd,180,randwrite,hdd_data_pool_1,image1,2M,128,316,10.777657,2436.59436
hdd,180,randwrite,hdd_data_pool_1,image1,2M,128,500,10.777212,2901.225971
hdd,180,randwrite,hdd_data_pool_1,image1,2M,128,600,10.903248,5064.139599
hdd,180,randwrite,hdd_data_pool_1,image1,2M,256,1,10.851525,1911.282103
hdd,180,randwrite,hdd_data_pool_1,image1,2M,256,158,10.816801,1909.899017
hdd,180,randwrite,hdd_data_pool_1,image1,2M,256,316,10.84975,3054.961046
hdd,180,randwrite,hdd_data_pool_1,image1,2M,256,500,10.773157,3165.237555
hdd,180,randwrite,hdd_data_pool_1,image1,2M,256,600,10.778621,3724.916509
hdd,180,randwrite,hdd_data_pool_1,image1,4M,1,1,21.766926,89.577137
hdd,180,randwrite,hdd_data_pool_1,image1,4M,1,158,21.732295,116.994334
hdd,180,randwrite,hdd_data_pool_1,image1,4M,1,316,21.656301,146.116203
hdd,180,randwrite,hdd_data_pool_1,image1,4M,1,500,21.651163,135.656146
hdd,180,randwrite,hdd_data_pool_1,image1,4M,1,600,21.136986,293.876712
hdd,180,randwrite,hdd_data_pool_1,image1,4M,8,1,21.720392,452.822004
hdd,180,randwrite,hdd_data_pool_1,image1,4M,8,158,21.685524,569.21381
hdd,180,randwrite,hdd_data_pool_1,image1,4M,8,316,21.437113,681.976289
hdd,180,randwrite,hdd_data_pool_1,image1,4M,8,500,20.952991,1012.45584
hdd,180,randwrite,hdd_data_pool_1,image1,4M,8,600,20.764706,1121.352941
hdd,180,randwrite,hdd_data_pool_1,image1,4M,16,1,21.713701,902.059986
hdd,180,randwrite,hdd_data_pool_1,image1,4M,16,158,21.665871,1112.244232
hdd,180,randwrite,hdd_data_pool_1,image1,4M,16,316,21.477011,1413.349617
hdd,180,randwrite,hdd_data_pool_1,image1,4M,16,500,21.070111,1825.364084
hdd,180,randwrite,hdd_data_pool_1,image1,4M,16,600,21.414343,2424.2749
hdd,180,randwrite,hdd_data_pool_1,image1,4M,32,1,21.627812,1544.670075
hdd,180,randwrite,hdd_data_pool_1,image1,4M,32,158,21.507428,1861.395622
hdd,180,randwrite,hdd_data_pool_1,image1,4M,32,316,21.459627,2349.434783
hdd,180,randwrite,hdd_data_pool_1,image1,4M,32,500,21.212789,2763.577729
hdd,180,randwrite,hdd_data_pool_1,image1,4M,32,600,21.340909,3337.566017
hdd,180,randwrite,hdd_data_pool_1,image1,4M,64,1,21.630582,1531.186739
hdd,180,randwrite,hdd_data_pool_1,image1,4M,64,158,21.513138,1828.255023
hdd,180,randwrite,hdd_data_pool_1,image1,4M,64,316,21.537445,2415.619383
hdd,180,randwrite,hdd_data_pool_1,image1,4M,64,500,21.272727,2630.941558
hdd,180,randwrite,hdd_data_pool_1,image1,4M,64,600,21.377607,3515.645445
hdd,180,randwrite,hdd_data_pool_1,image1,4M,128,1,21.562215,1497.672313
hdd,180,randwrite,hdd_data_pool_1,image1,4M,128,158,21.56485,1906.125863
hdd,180,randwrite,hdd_data_pool_1,image1,4M,128,316,21.434405,2350.238923
hdd,180,randwrite,hdd_data_pool_1,image1,4M,128,500,21.131495,2855.492047
hdd,180,randwrite,hdd_data_pool_1,image1,4M,128,600,21.164516,3189.780645
hdd,180,randwrite,hdd_data_pool_1,image1,4M,256,1,21.696226,1660.424528
hdd,180,randwrite,hdd_data_pool_1,image1,4M,256,158,21.582167,1945.608696
hdd,180,randwrite,hdd_data_pool_1,image1,4M,256,316,21.414343,2133.757769
hdd,180,randwrite,hdd_data_pool_1,image1,4M,256,500,21.098018,3101.473568
hdd,180,randwrite,hdd_data_pool_1,image1,4M,256,600,21.422607,3817.180244
hdd,200,rw,hdd_4_pool,image,4k,1,1,1,5.131435
hdd,200,rw,hdd_4_pool,image,4k,1,158,1,6.967715
hdd,200,rw,hdd_4_pool,image,4k,1,316,1,7.817666
hdd,200,rw,hdd_4_pool,image,4k,1,500,1,17.227476
hdd,200,rw,hdd_4_pool,image,4k,1,600,1,33.555852
hdd,200,rw,hdd_4_pool,image,4k,8,1,1,18.561612
hdd,200,rw,hdd_4_pool,image,4k,8,158,1,26.823421
hdd,200,rw,hdd_4_pool,image,4k,8,316,1,48.732881
hdd,200,rw,hdd_4_pool,image,4k,8,500,1,79.221789
hdd,200,rw,hdd_4_pool,image,4k,8,600,1,36.17011
hdd,200,rw,hdd_4_pool,image,4k,16,1,1,38.531276
hdd,200,rw,hdd_4_pool,image,4k,16,158,1,46.982704
hdd,200,rw,hdd_4_pool,image,4k,16,316,1,55.626874
hdd,200,rw,hdd_4_pool,image,4k,16,500,1,68.848824
hdd,200,rw,hdd_4_pool,image,4k,16,600,1,297.759264
hdd,200,rw,hdd_4_pool,image,4k,32,1,1,82.258208
hdd,200,rw,hdd_4_pool,image,4k,32,158,1,116.215059
hdd,200,rw,hdd_4_pool,image,4k,32,316,1,173.305081
hdd,200,rw,hdd_4_pool,image,4k,32,500,1,532.464624
hdd,200,rw,hdd_4_pool,image,4k,32,600,1,1803.622866
hdd,200,rw,hdd_4_pool,image,4k,64,1,1,179.166822
hdd,200,rw,hdd_4_pool,image,4k,64,158,1,271.434531
hdd,200,rw,hdd_4_pool,image,4k,64,316,1,268.789068
hdd,200,rw,hdd_4_pool,image,4k,64,500,1,353.828179
hdd,200,rw,hdd_4_pool,image,4k,64,600,1,382.888847
hdd,200,rw,hdd_4_pool,image,4k,128,1,1,429.420773
hdd,200,rw,hdd_4_pool,image,4k,128,158,1,407.616077
hdd,200,rw,hdd_4_pool,image,4k,128,316,1,474.707878
hdd,200,rw,hdd_4_pool,image,4k,128,500,1,1538.912159
hdd,200,rw,hdd_4_pool,image,4k,128,600,1,825.887329
hdd,200,rw,hdd_4_pool,image,4k,256,1,1,1051.628745
hdd,200,rw,hdd_4_pool,image,4k,256,158,1,1529.312136
hdd,200,rw,hdd_4_pool,image,4k,256,316,1,1433.912434
hdd,200,rw,hdd_4_pool,image,4k,256,500,1,5644.788209
hdd,200,rw,hdd_4_pool,image,4k,256,600,1,5482.695354
hdd,200,rw,hdd_4_pool,image,4k,512,1,1,2102.061117
hdd,200,rw,hdd_4_pool,image,4k,512,158,1,2543.002253
hdd,200,rw,hdd_4_pool,image,4k,512,316,1,3368.233999
hdd,200,rw,hdd_4_pool,image,4k,512,500,1,2873.671198
hdd,200,rw,hdd_4_pool,image,4k,512,600,1,10889.68854
hdd,200,rw,hdd_4_pool,image,32k,1,1,1,8.214002
hdd,200,rw,hdd_4_pool,image,32k,1,158,1,10.852529
hdd,200,rw,hdd_4_pool,image,32k,1,316,1,10.26866
hdd,200,rw,hdd_4_pool,image,32k,1,500,1,13.132559
hdd,200,rw,hdd_4_pool,image,32k,1,600,1,55.924006
hdd,200,rw,hdd_4_pool,image,32k,8,1,1,31.977635
hdd,200,rw,hdd_4_pool,image,32k,8,158,1,41.452847
hdd,200,rw,hdd_4_pool,image,32k,8,316,1,56.61793
hdd,200,rw,hdd_4_pool,image,32k,8,500,1,112.909534
hdd,200,rw,hdd_4_pool,image,32k,8,600,1,271.720734
hdd,200,rw,hdd_4_pool,image,32k,16,1,1,61.995646
hdd,200,rw,hdd_4_pool,image,32k,16,158,1,74.944553
hdd,200,rw,hdd_4_pool,image,32k,16,316,1,111.631351
hdd,200,rw,hdd_4_pool,image,32k,16,500,1,278.723221
hdd,200,rw,hdd_4_pool,image,32k,16,600,1,94.508936
hdd,200,rw,hdd_4_pool,image,32k,32,1,1,122.130795
hdd,200,rw,hdd_4_pool,image,32k,32,158,1,149.572329
hdd,200,rw,hdd_4_pool,image,32k,32,316,1,231.563555
hdd,200,rw,hdd_4_pool,image,32k,32,500,1,486.610267
hdd,200,rw,hdd_4_pool,image,32k,32,600,1,534.955301
hdd,200,rw,hdd_4_pool,image,32k,64,1,1,238.885405
hdd,200,rw,hdd_4_pool,image,32k,64,158,1,334.88537
hdd,200,rw,hdd_4_pool,image,32k,64,316,1,304.449686
hdd,200,rw,hdd_4_pool,image,32k,64,500,1,727.152397
hdd,200,rw,hdd_4_pool,image,32k,64,600,1,1777.796941
hdd,200,rw,hdd_4_pool,image,32k,128,1,1,398.698653
hdd,200,rw,hdd_4_pool,image,32k,128,158,1,441.212984
hdd,200,rw,hdd_4_pool,image,32k,128,316,1,622.74811
hdd,200,rw,hdd_4_pool,image,32k,128,500,1,1573.380877
hdd,200,rw,hdd_4_pool,image,32k,128,600,1,2382.837581
hdd,200,rw,hdd_4_pool,image,32k,256,1,1,723.431625
hdd,200,rw,hdd_4_pool,image,32k,256,158,1,1001.223776
hdd,200,rw,hdd_4_pool,image,32k,256,316,1,1315.979848
hdd,200,rw,hdd_4_pool,image,32k,256,500,1,1211.441828
hdd,200,rw,hdd_4_pool,image,32k,256,600,1,4741.141199
hdd,200,rw,hdd_4_pool,image,32k,512,1,1,1358.203974
hdd,200,rw,hdd_4_pool,image,32k,512,158,1,1778.466634
hdd,200,rw,hdd_4_pool,image,32k,512,316,1,2121.131551
hdd,200,rw,hdd_4_pool,image,32k,512,500,1,3600.641147
hdd,200,rw,hdd_4_pool,image,32k,512,600,1,5810.468379
hdd,200,rw,hdd_4_pool,image,64k,1,1,1,8.033731
hdd,200,rw,hdd_4_pool,image,64k,1,158,1,9.029156
hdd,200,rw,hdd_4_pool,image,64k,1,316,1,14.897871
hdd,200,rw,hdd_4_pool,image,64k,1,500,1,92.784615
hdd,200,rw,hdd_4_pool,image,64k,1,600,1,34.85124
hdd,200,rw,hdd_4_pool,image,64k,8,1,1,27.166448
hdd,200,rw,hdd_4_pool,image,64k,8,158,1,35.366883
hdd,200,rw,hdd_4_pool,image,64k,8,316,1,35.89003
hdd,200,rw,hdd_4_pool,image,64k,8,500,1,54.996553
hdd,200,rw,hdd_4_pool,image,64k,8,600,1,223.384318
hdd,200,rw,hdd_4_pool,image,64k,16,1,1,49.081279
hdd,200,rw,hdd_4_pool,image,64k,16,158,1,57.852839
hdd,200,rw,hdd_4_pool,image,64k,16,316,1,75.559315
hdd,200,rw,hdd_4_pool,image,64k,16,500,1,181.074744
hdd,200,rw,hdd_4_pool,image,64k,16,600,1,245.232684
hdd,200,rw,hdd_4_pool,image,64k,32,1,1,90.313562
hdd,200,rw,hdd_4_pool,image,64k,32,158,1,100.31033
hdd,200,rw,hdd_4_pool,image,64k,32,316,1,131.023936
hdd,200,rw,hdd_4_pool,image,64k,32,500,1,372.712239
hdd,200,rw,hdd_4_pool,image,64k,32,600,1,478.958183
hdd,200,rw,hdd_4_pool,image,64k,64,1,1,162.363533
hdd,200,rw,hdd_4_pool,image,64k,64,158,1,227.60579
hdd,200,rw,hdd_4_pool,image,64k,64,316,1,234.037581
hdd,200,rw,hdd_4_pool,image,64k,64,500,1,675.399559
hdd,200,rw,hdd_4_pool,image,64k,64,600,1,436.543316
hdd,200,rw,hdd_4_pool,image,64k,128,1,1,286.862054
hdd,200,rw,hdd_4_pool,image,64k,128,158,1,394.535895
hdd,200,rw,hdd_4_pool,image,64k,128,316,1,555.38911
hdd,200,rw,hdd_4_pool,image,64k,128,500,1,979.089147
hdd,200,rw,hdd_4_pool,image,64k,128,600,1,1659.960189
hdd,200,rw,hdd_4_pool,image,64k,256,1,1,533.22442
hdd,200,rw,hdd_4_pool,image,64k,256,158,1,739.790131
hdd,200,rw,hdd_4_pool,image,64k,256,316,1,1035.663109
hdd,200,rw,hdd_4_pool,image,64k,256,500,1,1781.744271
hdd,200,rw,hdd_4_pool,image,64k,256,600,1,2929.676645
hdd,200,rw,hdd_4_pool,image,64k,512,1,1,881.83175
hdd,200,rw,hdd_4_pool,image,64k,512,158,1,1055.575374
hdd,200,rw,hdd_4_pool,image,64k,512,316,1,2020.326325
hdd,200,rw,hdd_4_pool,image,64k,512,500,1,3436.999007
hdd,200,rw,hdd_4_pool,image,64k,512,600,1,4131.856614
hdd,200,rw,hdd_4_pool,image,256k,1,1,1,8.206837
hdd,200,rw,hdd_4_pool,image,256k,1,158,1,12.258433
hdd,200,rw,hdd_4_pool,image,256k,1,316,1,11.823749
hdd,200,rw,hdd_4_pool,image,256k,1,500,1,14.287534
hdd,200,rw,hdd_4_pool,image,256k,1,600,1,30.488144
hdd,200,rw,hdd_4_pool,image,256k,8,1,1,38.062078
hdd,200,rw,hdd_4_pool,image,256k,8,158,1,48.817097
hdd,200,rw,hdd_4_pool,image,256k,8,316,1,47.646651
hdd,200,rw,hdd_4_pool,image,256k,8,500,1,74.956453
hdd,200,rw,hdd_4_pool,image,256k,8,600,1,202.659061
hdd,200,rw,hdd_4_pool,image,256k,16,1,1,62.77352
hdd,200,rw,hdd_4_pool,image,256k,16,158,1,77.509505
hdd,200,rw,hdd_4_pool,image,256k,16,316,1,88.986878
hdd,200,rw,hdd_4_pool,image,256k,16,500,1,197.706644
hdd,200,rw,hdd_4_pool,image,256k,16,600,1,260.297821
hdd,200,rw,hdd_4_pool,image,256k,32,1,1,117.919266
hdd,200,rw,hdd_4_pool,image,256k,32,158,1,152.334227
hdd,200,rw,hdd_4_pool,image,256k,32,316,1,227.394646
hdd,200,rw,hdd_4_pool,image,256k,32,500,1,329.304531
hdd,200,rw,hdd_4_pool,image,256k,32,600,1,489.543108
hdd,200,rw,hdd_4_pool,image,256k,64,1,1,218.887207
hdd,200,rw,hdd_4_pool,image,256k,64,158,1,281.164493
hdd,200,rw,hdd_4_pool,image,256k,64,316,1,342.74969
hdd,200,rw,hdd_4_pool,image,256k,64,500,1,636.580098
hdd,200,rw,hdd_4_pool,image,256k,64,600,1,669.49307
hdd,200,rw,hdd_4_pool,image,256k,128,1,1,434.319678
hdd,200,rw,hdd_4_pool,image,256k,128,158,1,620.294239
hdd,200,rw,hdd_4_pool,image,256k,128,316,1,803.223401
hdd,200,rw,hdd_4_pool,image,256k,128,500,1,1012.249478
hdd,200,rw,hdd_4_pool,image,256k,128,600,1,1368.760728
hdd,200,rw,hdd_4_pool,image,256k,256,1,1,945.094239
hdd,200,rw,hdd_4_pool,image,256k,256,158,1,1311.197775
hdd,200,rw,hdd_4_pool,image,256k,256,316,1,1572.638713
hdd,200,rw,hdd_4_pool,image,256k,256,500,1,2129.48132
hdd,200,rw,hdd_4_pool,image,256k,256,600,1,2435.134182
hdd,200,rw,hdd_4_pool,image,256k,512,1,1,1581.642863
hdd,200,rw,hdd_4_pool,image,256k,512,158,1,2063.729151
hdd,200,rw,hdd_4_pool,image,256k,512,316,1,2749.421368
hdd,200,rw,hdd_4_pool,image,256k,512,500,1,3702.962874
hdd,200,rw,hdd_4_pool,image,256k,512,600,1,3760.499935
hdd,200,rw,hdd_3_pool,image,1M,1,1,2.328013,21.436752
hdd,200,rw,hdd_3_pool,image,1M,1,158,2.313531,26.289015
hdd,200,rw,hdd_3_pool,image,1M,1,316,2.260992,56.390084
hdd,200,rw,hdd_3_pool,image,1M,1,500,2.288591,83.959732
hdd,200,rw,hdd_3_pool,image,1M,1,600,2.25627,61.007634
hdd,200,rw,hdd_3_pool,image,1M,8,1,2.312246,108.792069
hdd,200,rw,hdd_3_pool,image,1M,8,158,2.323837,142.86301
hdd,200,rw,hdd_3_pool,image,1M,8,316,2.324797,161.741824
hdd,200,rw,hdd_3_pool,image,1M,8,500,2.2599,415.756486
hdd,200,rw,hdd_3_pool,image,1M,8,600,2.256113,622.589447
hdd,200,rw,hdd_3_pool,image,1M,16,1,2.311778,190.036249
hdd,200,rw,hdd_3_pool,image,1M,16,158,2.307101,248.655765
hdd,200,rw,hdd_3_pool,image,1M,16,316,2.327051,409.504605
hdd,200,rw,hdd_3_pool,image,1M,16,500,2.276966,777.710391
hdd,200,rw,hdd_3_pool,image,1M,16,600,2.253673,1012.925563
hdd,200,rw,hdd_3_pool,image,1M,32,1,2.303025,350.993027
hdd,200,rw,hdd_3_pool,image,1M,32,158,2.300993,491.618323
hdd,200,rw,hdd_3_pool,image,1M,32,316,2.314629,738.053015
hdd,200,rw,hdd_3_pool,image,1M,32,500,2.304622,1228.990813
hdd,200,rw,hdd_3_pool,image,1M,32,600,2.244841,3080.382041
hdd,200,rw,hdd_3_pool,image,1M,64,1,2.300027,783.06365
hdd,200,rw,hdd_3_pool,image,1M,64,158,2.297994,1126.498266
hdd,200,rw,hdd_3_pool,image,1M,64,316,2.318212,1584.393763
hdd,200,rw,hdd_3_pool,image,1M,64,500,2.304894,2373.407948
hdd,200,rw,hdd_3_pool,image,1M,64,600,2.271896,4049.582132
hdd,200,rw,hdd_3_pool,image,1M,128,1,2.297896,1345.017315
hdd,200,rw,hdd_3_pool,image,1M,128,158,2.306995,1820.25215
hdd,200,rw,hdd_3_pool,image,1M,128,316,2.310999,2312.762842
hdd,200,rw,hdd_3_pool,image,1M,128,500,2.301418,4153.314199
hdd,200,rw,hdd_3_pool,image,1M,128,600,2.301678,6171.974359
hdd,200,rw,hdd_3_pool,image,1M,256,1,2.299221,1341.057928
hdd,200,rw,hdd_3_pool,image,1M,256,158,2.309621,1735.882912
hdd,200,rw,hdd_3_pool,image,1M,256,316,2.323815,2359.487293
hdd,200,rw,hdd_3_pool,image,1M,256,500,2.316941,3747.522817
hdd,200,rw,hdd_3_pool,image,1M,256,600,2.293833,5874.346735
hdd,200,rw,hdd_3_pool,image,1M,512,1,2.300091,1309.221403
hdd,200,rw,hdd_3_pool,image,1M,512,158,2.314941,1734.585739
hdd,200,rw,hdd_3_pool,image,1M,512,316,2.30703,2406.647124
hdd,200,rw,hdd_3_pool,image,1M,512,500,2.316103,3766.737177
hdd,200,rw,hdd_3_pool,image,1M,512,600,2.303023,4753.606295
hdd,200,rw,hdd_3_pool,image,2M,1,1,4.363932,33.843944
hdd,200,rw,hdd_3_pool,image,2M,1,158,4.293142,43.64318
hdd,200,rw,hdd_3_pool,image,2M,1,316,4.221122,73.923432
hdd,200,rw,hdd_3_pool,image,2M,1,500,4.098291,128.258547
hdd,200,rw,hdd_3_pool,image,2M,1,600,4.23422,59.283255
hdd,200,rw,hdd_3_pool,image,2M,8,1,4.300756,167.117278
hdd,200,rw,hdd_3_pool,image,2M,8,158,4.326211,225.16358
hdd,200,rw,hdd_3_pool,image,2M,8,316,4.334432,305.436573
hdd,200,rw,hdd_3_pool,image,2M,8,500,4.15568,670.078541
hdd,200,rw,hdd_3_pool,image,2M,8,600,4.084005,1289.035673
hdd,200,rw,hdd_3_pool,image,2M,16,1,4.285528,297.472947
hdd,200,rw,hdd_3_pool,image,2M,16,158,4.30388,352.71091
hdd,200,rw,hdd_3_pool,image,2M,16,316,4.323303,636.449682
hdd,200,rw,hdd_3_pool,image,2M,16,500,4.184489,1237.112221
hdd,200,rw,hdd_3_pool,image,2M,16,600,4.022648,2243.825784
hdd,200,rw,hdd_3_pool,image,2M,32,1,4.280607,614.997944
hdd,200,rw,hdd_3_pool,image,2M,32,158,4.337537,856.238335
hdd,200,rw,hdd_3_pool,image,2M,32,316,4.336355,1342.393775
hdd,200,rw,hdd_3_pool,image,2M,32,500,4.249395,2503.361259
hdd,200,rw,hdd_3_pool,image,2M,32,600,4.194355,3645.903784
hdd,200,rw,hdd_3_pool,image,2M,64,1,4.274715,1125.349968
hdd,200,rw,hdd_3_pool,image,2M,64,158,4.327141,1506.882972
hdd,200,rw,hdd_3_pool,image,2M,64,316,4.302132,2001.882215
hdd,200,rw,hdd_3_pool,image,2M,64,500,4.246116,3711.266149
hdd,200,rw,hdd_3_pool,image,2M,64,600,4.222277,4500.692193
hdd,200,rw,hdd_3_pool,image,2M,128,1,4.288548,1141.284869
hdd,200,rw,hdd_3_pool,image,2M,128,158,4.286151,1368.818669
hdd,200,rw,hdd_3_pool,image,2M,128,316,4.319444,2229.070278
hdd,200,rw,hdd_3_pool,image,2M,128,500,4.228753,3574.893566
hdd,200,rw,hdd_3_pool,image,2M,128,600,4.174026,5247.68987
hdd,200,rw,hdd_3_pool,image,2M,256,1,4.263027,1117.947581
hdd,200,rw,hdd_3_pool,image,2M,256,158,4.310539,1510.554706
hdd,200,rw,hdd_3_pool,image,2M,256,316,4.294294,2042.597807
hdd,200,rw,hdd_3_pool,image,2M,256,500,4.243021,3859.166256
hdd,200,rw,hdd_3_pool,image,2M,256,600,4.228126,3726.384738
hdd,200,rw,hdd_3_pool,image,2M,512,1,4.270904,1093.423831
hdd,200,rw,hdd_3_pool,image,2M,512,158,4.301575,1514.299047
hdd,200,rw,hdd_3_pool,image,2M,512,316,4.302799,2223.499491
hdd,200,rw,hdd_3_pool,image,2M,512,500,4.289745,3512.942877
hdd,200,rw,hdd_3_pool,image,2M,512,600,4.233377,5271.275967
hdd,200,rw,hdd_3_pool,image,4M,1,1,8.054759,50.480226
hdd,200,rw,hdd_3_pool,image,4M,1,158,7.910112,63.110754
hdd,200,rw,hdd_3_pool,image,4M,1,316,7.812384,108.232902
hdd,200,rw,hdd_3_pool,image,4M,1,500,7.72332,118.121542
hdd,200,rw,hdd_3_pool,image,4M,1,600,7.825843,88.946228
hdd,200,rw,hdd_3_pool,image,4M,8,1,7.976932,263.263631
hdd,200,rw,hdd_3_pool,image,4M,8,158,7.899884,354.768844
hdd,200,rw,hdd_3_pool,image,4M,8,316,7.849587,513.603306
hdd,200,rw,hdd_3_pool,image,4M,8,500,7.681818,1112.769556
hdd,200,rw,hdd_3_pool,image,4M,8,600,7.400281,1624.356742
hdd,200,rw,hdd_3_pool,image,4M,16,1,7.949553,526.930528
hdd,200,rw,hdd_3_pool,image,4M,16,158,7.864155,736.737062
hdd,200,rw,hdd_3_pool,image,4M,16,316,7.847059,1197.278431
hdd,200,rw,hdd_3_pool,image,4M,16,500,7.651675,2420.144498
hdd,200,rw,hdd_3_pool,image,4M,16,600,7.787722,1710.074704
hdd,200,rw,hdd_3_pool,image,4M,32,1,7.932101,984.318885
hdd,200,rw,hdd_3_pool,image,4M,32,158,7.873188,1388.97182
hdd,200,rw,hdd_3_pool,image,4M,32,316,7.804767,1881.856491
hdd,200,rw,hdd_3_pool,image,4M,32,500,7.675824,3338.94898
hdd,200,rw,hdd_3_pool,image,4M,32,600,7.624874,4801.267947
hdd,200,rw,hdd_3_pool,image,4M,64,1,7.936421,992.022707
hdd,200,rw,hdd_3_pool,image,4M,64,158,7.876249,1377.981553
hdd,200,rw,hdd_3_pool,image,4M,64,316,7.763838,2051.657354
hdd,200,rw,hdd_3_pool,image,4M,64,500,7.747292,3088.064982
hdd,200,rw,hdd_3_pool,image,4M,64,600,7.634725,4488.262808
hdd,200,rw,hdd_3_pool,image,4M,128,1,7.91471,985.093611
hdd,200,rw,hdd_3_pool,image,4M,128,158,7.850096,1353.060803
hdd,200,rw,hdd_3_pool,image,4M,128,316,7.859658,1964.91687
hdd,200,rw,hdd_3_pool,image,4M,128,500,7.543607,3927.493649
hdd,200,rw,hdd_3_pool,image,4M,128,600,7.741477,3323.308949
hdd,200,rw,hdd_3_pool,image,4M,256,1,7.928743,1023.962874
hdd,200,rw,hdd_3_pool,image,4M,256,158,7.890625,1319.889172
hdd,200,rw,hdd_3_pool,image,4M,256,316,7.832295,2048.740776
hdd,200,rw,hdd_3_pool,image,4M,256,500,7.83163,2789.174384
hdd,200,rw,hdd_3_pool,image,4M,256,600,7.455483,5680.193065
hdd,200,rw,hdd_3_pool,image,4M,512,1,7.917434,1044.362773
hdd,200,rw,hdd_3_pool,image,4M,512,158,7.86315,1475.890446
hdd,200,rw,hdd_3_pool,image,4M,512,316,7.850764,1785.970233
hdd,200,rw,hdd_3_pool,image,4M,512,500,7.678161,4288.985441
hdd,200,rw,hdd_3_pool,image,4M,512,600,7.705411,4875.026052
hdd,200,randrw,hdd_2_pool,image,4k,1,1,1,17.570332
hdd,200,randrw,hdd_2_pool,image,4k,1,158,1,24.669623
hdd,200,randrw,hdd_2_pool,image,4k,1,316,1,44.807738
hdd,200,randrw,hdd_2_pool,image,4k,1,500,1,33.321573
hdd,200,randrw,hdd_2_pool,image,4k,1,600,1,163.404402
hdd,200,randrw,hdd_2_pool,image,4k,8,1,1,54.873455
hdd,200,randrw,hdd_2_pool,image,4k,8,158,1,67.543861
hdd,200,randrw,hdd_2_pool,image,4k,8,316,1,162.530075
hdd,200,randrw,hdd_2_pool,image,4k,8,500,1,217.348575
hdd,200,randrw,hdd_2_pool,image,4k,8,600,1,527.467066
hdd,200,randrw,hdd_2_pool,image,4k,16,1,1,88.488556
hdd,200,randrw,hdd_2_pool,image,4k,16,158,1,139.379809
hdd,200,randrw,hdd_2_pool,image,4k,16,316,1,206.690174
hdd,200,randrw,hdd_2_pool,image,4k,16,500,1,484.69957
hdd,200,randrw,hdd_2_pool,image,4k,16,600,1,475.96984
hdd,200,randrw,hdd_2_pool,image,4k,32,1,1,169.891694
hdd,200,randrw,hdd_2_pool,image,4k,32,158,1,228.777638
hdd,200,randrw,hdd_2_pool,image,4k,32,316,1,483.215663
hdd,200,randrw,hdd_2_pool,image,4k,32,500,1,727.347215
hdd,200,randrw,hdd_2_pool,image,4k,32,600,1,861.17923
hdd,200,randrw,hdd_2_pool,image,4k,64,1,1,287.998836
hdd,200,randrw,hdd_2_pool,image,4k,64,158,1,540.141243
hdd,200,randrw,hdd_2_pool,image,4k,64,316,1,727.049076
hdd,200,randrw,hdd_2_pool,image,4k,64,500,1,920.950575
hdd,200,randrw,hdd_2_pool,image,4k,64,600,1,1093.74359
hdd,200,randrw,hdd_2_pool,image,4k,128,1,1,859.675502
hdd,200,randrw,hdd_2_pool,image,4k,128,158,1,1098.518932
hdd,200,randrw,hdd_2_pool,image,4k,128,316,1,1230.993142
hdd,200,randrw,hdd_2_pool,image,4k,128,500,1,1197.008215
hdd,200,randrw,hdd_2_pool,image,4k,128,600,1,1604.102168
hdd,200,randrw,hdd_2_pool,image,4k,256,1,1,1851.085354
hdd,200,randrw,hdd_2_pool,image,4k,256,158,1,2275.231259
hdd,200,randrw,hdd_2_pool,image,4k,256,316,1,1808.209015
hdd,200,randrw,hdd_2_pool,image,4k,256,500,1,3069.52801
hdd,200,randrw,hdd_2_pool,image,4k,256,600,1,3530.497064
hdd,200,randrw,hdd_2_pool,image,4k,512,1,1,3720.976479
hdd,200,randrw,hdd_2_pool,image,4k,512,158,1,3205.546259
hdd,200,randrw,hdd_2_pool,image,4k,512,316,1,5060.145803
hdd,200,randrw,hdd_2_pool,image,4k,512,500,1,6269.506503
hdd,200,randrw,hdd_2_pool,image,4k,512,600,1,5924.527227
hdd,200,randrw,hdd_2_pool,image,32k,1,1,1,18.109366
hdd,200,randrw,hdd_2_pool,image,32k,1,158,1,26.69659
hdd,200,randrw,hdd_2_pool,image,32k,1,316,1,44.605396
hdd,200,randrw,hdd_2_pool,image,32k,1,500,1,130.937567
hdd,200,randrw,hdd_2_pool,image,32k,1,600,1,94.162614
hdd,200,randrw,hdd_2_pool,image,32k,8,1,1,63.790346
hdd,200,randrw,hdd_2_pool,image,32k,8,158,1,91.350867
hdd,200,randrw,hdd_2_pool,image,32k,8,316,1,144.406504
hdd,200,randrw,hdd_2_pool,image,32k,8,500,1,261.735081
hdd,200,randrw,hdd_2_pool,image,32k,8,600,1,446.413659
hdd,200,randrw,hdd_2_pool,image,32k,16,1,1,103.819209
hdd,200,randrw,hdd_2_pool,image,32k,16,158,1,160.768504
hdd,200,randrw,hdd_2_pool,image,32k,16,316,1,228.03335
hdd,200,randrw,hdd_2_pool,image,32k,16,500,1,528.887114
hdd,200,randrw,hdd_2_pool,image,32k,16,600,1,517.568068
hdd,200,randrw,hdd_2_pool,image,32k,32,1,1,168.02445
hdd,200,randrw,hdd_2_pool,image,32k,32,158,1,281.174446
hdd,200,randrw,hdd_2_pool,image,32k,32,316,1,481.938308
hdd,200,randrw,hdd_2_pool,image,32k,32,500,1,788.21831
hdd,200,randrw,hdd_2_pool,image,32k,32,600,1,825.430713
hdd,200,randrw,hdd_2_pool,image,32k,64,1,1,431.118358
hdd,200,randrw,hdd_2_pool,image,32k,64,158,1,572.721338
hdd,200,randrw,hdd_2_pool,image,32k,64,316,1,692.652493
hdd,200,randrw,hdd_2_pool,image,32k,64,500,1,1125.130648
hdd,200,randrw,hdd_2_pool,image,32k,64,600,1,1163.787021
hdd,200,randrw,hdd_2_pool,image,32k,128,1,1,712.901404
hdd,200,randrw,hdd_2_pool,image,32k,128,158,1,1229.976449
hdd,200,randrw,hdd_2_pool,image,32k,128,316,1,1431.391624
hdd,200,randrw,hdd_2_pool,image,32k,128,500,1,1635.495425
hdd,200,randrw,hdd_2_pool,image,32k,128,600,1,1517.013696
hdd,200,randrw,hdd_2_pool,image,32k,256,1,1,1983.318117
hdd,200,randrw,hdd_2_pool,image,32k,256,158,1,2439.414967
hdd,200,randrw,hdd_2_pool,image,32k,256,316,1,1956.270354
hdd,200,randrw,hdd_2_pool,image,32k,256,500,1,3393.908153
hdd,200,randrw,hdd_2_pool,image,32k,256,600,1,3499.474882
hdd,200,randrw,hdd_2_pool,image,32k,512,1,1,3010.334427
hdd,200,randrw,hdd_2_pool,image,32k,512,158,1,5123.153614
hdd,200,randrw,hdd_2_pool,image,32k,512,316,1,5864.552873
hdd,200,randrw,hdd_2_pool,image,32k,512,500,1,6620.888882
hdd,200,randrw,hdd_2_pool,image,32k,512,600,1,4179.916774
hdd,200,randrw,hdd_2_pool,image,64k,1,1,1,21.08811
hdd,200,randrw,hdd_2_pool,image,64k,1,158,1,31.83841
hdd,200,randrw,hdd_2_pool,image,64k,1,316,1,45.792475
hdd,200,randrw,hdd_2_pool,image,64k,1,500,1,132.776897
hdd,200,randrw,hdd_2_pool,image,64k,1,600,1,42.773252
hdd,200,randrw,hdd_2_pool,image,64k,8,1,1,51.186969
hdd,200,randrw,hdd_2_pool,image,64k,8,158,1,73.481069
hdd,200,randrw,hdd_2_pool,image,64k,8,316,1,100.21912
hdd,200,randrw,hdd_2_pool,image,64k,8,500,1,206.066112
hdd,200,randrw,hdd_2_pool,image,64k,8,600,1,663.606789
hdd,200,randrw,hdd_2_pool,image,64k,16,1,1,78.40873
hdd,200,randrw,hdd_2_pool,image,64k,16,158,1,112.160141
hdd,200,randrw,hdd_2_pool,image,64k,16,316,1,236.17681
hdd,200,randrw,hdd_2_pool,image,64k,16,500,1,503.505829
hdd,200,randrw,hdd_2_pool,image,64k,16,600,1,553.294367
hdd,200,randrw,hdd_2_pool,image,64k,32,1,1,134.5691
hdd,200,randrw,hdd_2_pool,image,64k,32,158,1,229.469821
hdd,200,randrw,hdd_2_pool,image,64k,32,316,1,407.250405
hdd,200,randrw,hdd_2_pool,image,64k,32,500,1,686.244173
hdd,200,randrw,hdd_2_pool,image,64k,32,600,1,818.067557
hdd,200,randrw,hdd_2_pool,image,64k,64,1,1,283.08718
hdd,200,randrw,hdd_2_pool,image,64k,64,158,1,456.07775
hdd,200,randrw,hdd_2_pool,image,64k,64,316,1,693.525065
hdd,200,randrw,hdd_2_pool,image,64k,64,500,1,919.840931
hdd,200,randrw,hdd_2_pool,image,64k,64,600,1,1309.46306
hdd,200,randrw,hdd_2_pool,image,64k,128,1,1,637.790611
hdd,200,randrw,hdd_2_pool,image,64k,128,158,1,973.096107
hdd,200,randrw,hdd_2_pool,image,64k,128,316,1,1014.992127
hdd,200,randrw,hdd_2_pool,image,64k,128,500,1,1648.518956
hdd,200,randrw,hdd_2_pool,image,64k,128,600,1,1998.406512
hdd,200,randrw,hdd_2_pool,image,64k,256,1,1,1523.982467
hdd,200,randrw,hdd_2_pool,image,64k,256,158,1,1448.498592
hdd,200,randrw,hdd_2_pool,image,64k,256,316,1,2032.283977
hdd,200,randrw,hdd_2_pool,image,64k,256,500,1,2916.710846
hdd,200,randrw,hdd_2_pool,image,64k,256,600,1,3817.626164
hdd,200,randrw,hdd_2_pool,image,64k,512,1,1,1944.140426
hdd,200,randrw,hdd_2_pool,image,64k,512,158,1,3708.472018
hdd,200,randrw,hdd_2_pool,image,64k,512,316,1,5058.522185
hdd,200,randrw,hdd_2_pool,image,64k,512,500,1,6313.085958
hdd,200,randrw,hdd_2_pool,image,64k,512,600,1,2959.569028
hdd,200,randrw,hdd_2_pool,image,256k,1,1,1,25.262634
hdd,200,randrw,hdd_2_pool,image,256k,1,158,1,37.108484
hdd,200,randrw,hdd_2_pool,image,256k,1,316,1,31.284038
hdd,200,randrw,hdd_2_pool,image,256k,1,500,1,66.044011
hdd,200,randrw,hdd_2_pool,image,256k,1,600,1,52.209047
hdd,200,randrw,hdd_2_pool,image,256k,8,1,1,77.463118
hdd,200,randrw,hdd_2_pool,image,256k,8,158,1,108.528037
hdd,200,randrw,hdd_2_pool,image,256k,8,316,1,180.342406
hdd,200,randrw,hdd_2_pool,image,256k,8,500,1,366.696557
hdd,200,randrw,hdd_2_pool,image,256k,8,600,1,565.30597
hdd,200,randrw,hdd_2_pool,image,256k,16,1,1,129.352243
hdd,200,randrw,hdd_2_pool,image,256k,16,158,1,191.467873
hdd,200,randrw,hdd_2_pool,image,256k,16,316,1,357.66796
hdd,200,randrw,hdd_2_pool,image,256k,16,500,1,669.639791
hdd,200,randrw,hdd_2_pool,image,256k,16,600,1,884.513514
hdd,200,randrw,hdd_2_pool,image,256k,32,1,1,241.582867
hdd,200,randrw,hdd_2_pool,image,256k,32,158,1,375.195327
hdd,200,randrw,hdd_2_pool,image,256k,32,316,1,651.904598
hdd,200,randrw,hdd_2_pool,image,256k,32,500,1,993.192717
hdd,200,randrw,hdd_2_pool,image,256k,32,600,1,1193.110629
hdd,200,randrw,hdd_2_pool,image,256k,64,1,1,513.816778
hdd,200,randrw,hdd_2_pool,image,256k,64,158,1,786.57907
hdd,200,randrw,hdd_2_pool,image,256k,64,316,1,1100.254026
hdd,200,randrw,hdd_2_pool,image,256k,64,500,1,1303.400517
hdd,200,randrw,hdd_2_pool,image,256k,64,600,1,1976.585228
hdd,200,randrw,hdd_2_pool,image,256k,128,1,1,1138.200646
hdd,200,randrw,hdd_2_pool,image,256k,128,158,1,1799.353911
hdd,200,randrw,hdd_2_pool,image,256k,128,316,1,1866.228793
hdd,200,randrw,hdd_2_pool,image,256k,128,500,1,2394.468566
hdd,200,randrw,hdd_2_pool,image,256k,128,600,1,3509.247652
hdd,200,randrw,hdd_2_pool,image,256k,256,1,1,2933.577569
hdd,200,randrw,hdd_2_pool,image,256k,256,158,1,2889.266399
hdd,200,randrw,hdd_2_pool,image,256k,256,316,1,3661.945848
hdd,200,randrw,hdd_2_pool,image,256k,256,500,1,3831.011179
hdd,200,randrw,hdd_2_pool,image,256k,256,600,1,6952.59266
hdd,200,randrw,hdd_2_pool,image,256k,512,1,1,2769.365941
hdd,200,randrw,hdd_2_pool,image,256k,512,158,1,4872.926119
hdd,200,randrw,hdd_2_pool,image,256k,512,316,1,6357.571237
hdd,200,randrw,hdd_2_pool,image,256k,512,500,1,9643.08955
hdd,200,randrw,hdd_2_pool,image,256k,512,600,1,4288.998093
hdd,200,randrw,hdd_1_pool,image,1M,1,1,2.323703,33.364901
hdd,200,randrw,hdd_1_pool,image,1M,1,158,2.342282,38.174816
hdd,200,randrw,hdd_1_pool,image,1M,1,316,2.336438,73.491851
hdd,200,randrw,hdd_1_pool,image,1M,1,500,2.319035,159.210456
hdd,200,randrw,hdd_1_pool,image,1M,1,600,2.361963,133.612474
hdd,200,randrw,hdd_1_pool,image,1M,8,1,2.303582,131.552587
hdd,200,randrw,hdd_1_pool,image,1M,8,158,2.322176,184.648735
hdd,200,randrw,hdd_1_pool,image,1M,8,316,2.319498,258.655926
hdd,200,randrw,hdd_1_pool,image,1M,8,500,2.327554,614.758514
hdd,200,randrw,hdd_1_pool,image,1M,8,600,2.28802,904.561597
hdd,200,randrw,hdd_1_pool,image,1M,16,1,2.299845,237.097244
hdd,200,randrw,hdd_1_pool,image,1M,16,158,2.313278,297.649685
hdd,200,randrw,hdd_1_pool,image,1M,16,316,2.31933,541.598354
hdd,200,randrw,hdd_1_pool,image,1M,16,500,2.330369,973.167185
hdd,200,randrw,hdd_1_pool,image,1M,16,600,2.305216,1227.493896
hdd,200,randrw,hdd_1_pool,image,1M,32,1,2.292756,407.36079
hdd,200,randrw,hdd_1_pool,image,1M,32,158,2.309309,718.143084
hdd,200,randrw,hdd_1_pool,image,1M,32,316,2.315508,1068.494409
hdd,200,randrw,hdd_1_pool,image,1M,32,500,2.330732,1564.428943
hdd,200,randrw,hdd_1_pool,image,1M,32,600,2.319024,2652.081951
hdd,200,randrw,hdd_1_pool,image,1M,64,1,2.290127,1123.888915
hdd,200,randrw,hdd_1_pool,image,1M,64,158,2.30938,1594.172019
hdd,200,randrw,hdd_1_pool,image,1M,64,316,2.317256,2179.606445
hdd,200,randrw,hdd_1_pool,image,1M,64,500,2.311441,2892.402542
hdd,200,randrw,hdd_1_pool,image,1M,64,600,2.321339,4164.888449
hdd,200,randrw,hdd_1_pool,image,1M,128,1,2.29263,1948.891787
hdd,200,randrw,hdd_1_pool,image,1M,128,158,2.303424,2531.680195
hdd,200,randrw,hdd_1_pool,image,1M,128,316,2.304749,2797.092018
hdd,200,randrw,hdd_1_pool,image,1M,128,500,2.311005,4985.554492
hdd,200,randrw,hdd_1_pool,image,1M,128,600,2.318835,7246.484742
hdd,200,randrw,hdd_1_pool,image,1M,256,1,2.291834,1898.780567
hdd,200,randrw,hdd_1_pool,image,1M,256,158,2.29566,2285.057185
hdd,200,randrw,hdd_1_pool,image,1M,256,316,2.311686,3454.580328
hdd,200,randrw,hdd_1_pool,image,1M,256,500,2.308661,5001.06348
hdd,200,randrw,hdd_1_pool,image,1M,256,600,2.309562,5292.172609
hdd,200,randrw,hdd_1_pool,image,1M,512,1,2.28074,1633.144403
hdd,200,randrw,hdd_1_pool,image,1M,512,158,2.297464,2474.531176
hdd,200,randrw,hdd_1_pool,image,1M,512,316,2.310743,3449.861031
hdd,200,randrw,hdd_1_pool,image,1M,512,500,2.318808,4421.529791
hdd,200,randrw,hdd_1_pool,image,1M,512,600,2.318274,6222.859542
hdd,200,randrw,hdd_1_pool,image,2M,1,1,4.377778,42.203761
hdd,200,randrw,hdd_1_pool,image,2M,1,158,4.321256,47.986715
hdd,200,randrw,hdd_1_pool,image,2M,1,316,4.35363,56.7274
hdd,200,randrw,hdd_1_pool,image,2M,1,500,4.26972,161.732824
hdd,200,randrw,hdd_1_pool,image,2M,1,600,4.284314,166.935049
hdd,200,randrw,hdd_1_pool,image,2M,8,1,4.340489,199.569128
hdd,200,randrw,hdd_1_pool,image,2M,8,158,4.352341,281.346639
hdd,200,randrw,hdd_1_pool,image,2M,8,316,4.307692,380.896761
hdd,200,randrw,hdd_1_pool,image,2M,8,500,4.323442,760.873145
hdd,200,randrw,hdd_1_pool,image,2M,8,600,4.280085,1232.992545
hdd,200,randrw,hdd_1_pool,image,2M,16,1,4.316093,373.432863
hdd,200,randrw,hdd_1_pool,image,2M,16,158,4.294783,484.153688
hdd,200,randrw,hdd_1_pool,image,2M,16,316,4.293745,797.555028
hdd,200,randrw,hdd_1_pool,image,2M,16,500,4.314677,1440.188433
hdd,200,randrw,hdd_1_pool,image,2M,16,600,4.302583,2556.759225
hdd,200,randrw,hdd_1_pool,image,2M,32,1,4.304931,736.564721
hdd,200,randrw,hdd_1_pool,image,2M,32,158,4.308291,1180.475181
hdd,200,randrw,hdd_1_pool,image,2M,32,316,4.343455,1621.62888
hdd,200,randrw,hdd_1_pool,image,2M,32,500,4.315193,2394.082086
hdd,200,randrw,hdd_1_pool,image,2M,32,600,4.304647,3446.509466
hdd,200,randrw,hdd_1_pool,image,2M,64,1,4.305723,1436.567018
hdd,200,randrw,hdd_1_pool,image,2M,64,158,4.296174,2008.222194
hdd,200,randrw,hdd_1_pool,image,2M,64,316,4.355556,2709.636825
hdd,200,randrw,hdd_1_pool,image,2M,64,500,4.308663,4278.293426
hdd,200,randrw,hdd_1_pool,image,2M,64,600,4.294048,5817.193872
hdd,200,randrw,hdd_1_pool,image,2M,128,1,4.301922,1467.57991
hdd,200,randrw,hdd_1_pool,image,2M,128,158,4.303571,1927.40082
hdd,200,randrw,hdd_1_pool,image,2M,128,316,4.3272,2668.137994
hdd,200,randrw,hdd_1_pool,image,2M,128,500,4.303651,4206.264025
hdd,200,randrw,hdd_1_pool,image,2M,128,600,4.240546,5208.326681
hdd,200,randrw,hdd_1_pool,image,2M,256,1,4.297794,1445.8125
hdd,200,randrw,hdd_1_pool,image,2M,256,158,4.294931,1860.081336
hdd,200,randrw,hdd_1_pool,image,2M,256,316,4.330278,2677.831347
hdd,200,randrw,hdd_1_pool,image,2M,256,500,4.321814,4181.553348
hdd,200,randrw,hdd_1_pool,image,2M,256,600,4.310953,4319.879983
hdd,200,randrw,hdd_1_pool,image,2M,512,1,4.288523,1318.803058
hdd,200,randrw,hdd_1_pool,image,2M,512,158,4.298238,1955.734493
hdd,200,randrw,hdd_1_pool,image,2M,512,316,4.310658,2651.752834
hdd,200,randrw,hdd_1_pool,image,2M,512,500,4.269079,4313.568843
hdd,200,randrw,hdd_1_pool,image,2M,512,600,4.278623,4312.26221
hdd,200,randrw,hdd_1_pool,image,4M,1,1,8,59.487734
hdd,200,randrw,hdd_1_pool,image,4M,1,158,8.016588,73.31872
hdd,200,randrw,hdd_1_pool,image,4M,1,316,7.801034,110.564169
hdd,200,randrw,hdd_1_pool,image,4M,1,500,7.694175,212.320388
hdd,200,randrw,hdd_1_pool,image,4M,1,600,7.866087,223.445217
hdd,200,randrw,hdd_1_pool,image,4M,8,1,8.014257,317.156483
hdd,200,randrw,hdd_1_pool,image,4M,8,158,7.918567,434.71987
hdd,200,randrw,hdd_1_pool,image,4M,8,316,7.911871,567.145084
hdd,200,randrw,hdd_1_pool,image,4M,8,500,7.934375,1143.377083
hdd,200,randrw,hdd_1_pool,image,4M,8,600,7.731436,1591.972772
hdd,200,randrw,hdd_1_pool,image,4M,16,1,7.986288,624.770486
hdd,200,randrw,hdd_1_pool,image,4M,16,158,7.908708,851.593185
hdd,200,randrw,hdd_1_pool,image,4M,16,316,7.897996,1307.070431
hdd,200,randrw,hdd_1_pool,image,4M,16,500,7.694087,2201.002571
hdd,200,randrw,hdd_1_pool,image,4M,16,600,7.733967,3849.393112
hdd,200,randrw,hdd_1_pool,image,4M,32,1,7.965686,1098.264706
hdd,200,randrw,hdd_1_pool,image,4M,32,158,7.935185,1576.865961
hdd,200,randrw,hdd_1_pool,image,4M,32,316,7.874494,2281.720069
hdd,200,randrw,hdd_1_pool,image,4M,32,500,7.858476,3646.669518
hdd,200,randrw,hdd_1_pool,image,4M,32,600,7.916914,4849.579624
hdd,200,randrw,hdd_1_pool,image,4M,64,1,7.958743,1116.588409
hdd,200,randrw,hdd_1_pool,image,4M,64,158,7.914526,1519.576842
hdd,200,randrw,hdd_1_pool,image,4M,64,316,7.779436,2235.33665
hdd,200,randrw,hdd_1_pool,image,4M,64,500,7.869721,3172.624911
hdd,200,randrw,hdd_1_pool,image,4M,64,600,7.833514,5527.589189
hdd,200,randrw,hdd_1_pool,image,4M,128,1,7.974951,1135.202342
hdd,200,randrw,hdd_1_pool,image,4M,128,158,7.903145,1557.771069
hdd,200,randrw,hdd_1_pool,image,4M,128,316,7.816532,2080.029738
hdd,200,randrw,hdd_1_pool,image,4M,128,500,7.842514,3737.3173
hdd,200,randrw,hdd_1_pool,image,4M,128,600,7.844294,5108.135397
hdd,200,randrw,hdd_1_pool,image,4M,256,1,7.931718,1119.858402
hdd,200,randrw,hdd_1_pool,image,4M,256,158,7.832936,1533.340095
hdd,200,randrw,hdd_1_pool,image,4M,256,316,7.831832,2247.955956
hdd,200,randrw,hdd_1_pool,image,4M,256,500,7.835052,3998.314433
hdd,200,randrw,hdd_1_pool,image,4M,256,600,7.694238,6029.076208
hdd,200,randrw,hdd_1_pool,image,4M,512,1,7.90436,1084.102907
hdd,200,randrw,hdd_1_pool,image,4M,512,158,7.893824,1519.685446
hdd,200,randrw,hdd_1_pool,image,4M,512,316,7.854717,2279.908019
hdd,200,randrw,hdd_1_pool,image,4M,512,500,7.849903,3824.996101
hdd,200,randrw,hdd_1_pool,image,4M,512,600,7.676674,5933.076212
